Price,Living,quality,structure,renovation,condiction,greenspace,Traffic,VIEW,Time,X,Y
12.32829,0.148714,0.209074,0.25,0.5,0.333333,0,0.333333,0.336538,37951,439542.8867,5598242.529
12.534059,0.368753,0.164102,0.5,1,1,0,0.666667,0.019231,37600,435349.9195,5609801.479
12.92147,0.31441,0.090522,0.75,1,0.333333,0,0,0.028846,38135,436882.1112,5605366.512
12.089539,0.102426,0.119324,0.25,0,0.333333,0,0,0.211538,37991,441028.8602,5598450.498
12.314927,0.238476,0.216503,0.25,0,1,0,0.666667,0.096154,37854,434090.7299,5609800.138
12.676076,0.540757,0.365593,0.5,1,1,0,0.333333,0.317308,37812,434935.0292,5607837.595
12.487485,0.319748,0.167203,0.25,1,1,0,0,0.057692,37824,430965.7599,5610224.374
12.025749,0.154779,0.05853,0.25,1,0,0,0,0.25,38118,438349.5879,5609030.282
12.94801,0.390587,0.225565,0.75,1,1,0,0.333333,0.038462,37833,430890.3449,5610183.731
12.604849,0.401262,0.19275,0.5,1,1,0,0,0.086538,37846,433677.7922,5601098.813
12.653958,0.305677,0.180054,0.5,1,1,0.6,0,0.057692,38164,432875.6209,5601419.111
12.579359,0.172489,0.25184,0.25,0.166667,0.333333,0,0.666667,0.480769,38117,435864.9879,5604055.908
12.542188,0.150655,0.278654,0.25,0,1,0,0,0.384615,37743,436218.7299,5607073.419
11.8706,0.128093,0.136658,0.25,0.166667,0.666667,0,0.666667,0.375,37606,437705.6485,5606710.678
12.052339,0.131732,0.131602,0.25,0,0,1,0.333333,0.076923,37734,442638.0801,5594491.372
12.254863,0.244784,0.176387,0.25,1,1,0,0.333333,0.038462,37740,433812.3302,5610402.27
12.305465,0.269772,0.156256,0.25,1,1,0,0.333333,0.038462,37694,433987.9367,5610559.256
12.44509,0.298156,0.232164,0.25,1,1,0,0,0.028846,37870,431160.8567,5608243.745
12.417751,0.347162,0.17202,0.5,1,1,0,1,0.067308,37951,431179.3378,5606440.726
12.06968,0.105774,0.131351,0.25,0.166667,0,0,0,0.057692,37917,430941.3772,5609132.49
12.318857,0.16982,0.157838,0.25,0.166667,0.333333,0,0,0.211538,38145,442718.5094,5593108.787
12.411052,0.328967,0.35309,0.25,0,0.666667,0,0.666667,0.307692,37539,434974.6515,5608111.497
12.421184,0.31441,0.186434,0.5,1,1,0,0,0.028846,37734,431619.9884,5610363.652
12.611538,0.27147,0.295821,0.5,0.166667,1,0,0,0.115385,37775,440718.4636,5596302.577
12.968046,0.406114,0.465943,0.75,1,1,1,0,0.067308,37909,442361.6392,5595186.452
12.092344,0.168122,0.127615,0.25,1,0.333333,0,0,0.028846,37525,433302.7643,5610494.729
12.354493,0.140466,0.268742,0.25,0.166667,0.333333,0,0.666667,0.403846,38147,439167.6303,5597623.953
12.296827,0.25934,0.167936,0.5,1,1,0,0.333333,0.134615,38042,433852.5359,5609663.986
12.669807,0.20427,0.232261,0.5,0.166667,1,0,0.333333,0.096154,37513,441889.2326,5593184.787
13.102161,0.533964,0.397676,0.75,1,1,0.6,0,0.105769,38132,433837.9319,5608845.377
12.661109,0.426735,0.24014,0.5,1,1,0,0,0.009615,38140,431996.5724,5605293.977
12.324908,0.333819,0.208611,0.25,1,1,0,0,0.019231,37602,432109.2419,5605260.7
12.660188,0.200631,0.274711,0.5,0.166667,1,1,0,0.009615,37999,442601.1302,5591933.501
12.391514,0.229985,0.34067,0.5,0.166667,0.666667,0.6,0.333333,0.240385,37441,434264.7925,5608594.533
12.694653,0.362203,0.343339,0.5,1,1,0,0,0.182692,38114,434294.4658,5609066.945
12.437676,0.296943,0.164617,0.25,1,1,0,0,0.009615,38120,432118.5676,5604867.934
12.177529,0.188743,0.111747,0.25,1,0,0,0,0.019231,37488,431097.6205,5609577.01
12.371587,0.420427,0.210425,0.5,1,1,0,0,0.115385,37470,441916.2132,5596161.674
12.441145,0.188258,0.256618,0.25,0.5,0.333333,0,0,0.403846,37448,436296.9307,5606682.545
12.577636,0.20524,0.284893,0.25,0.166667,0.333333,0,0,0.384615,37859,435985.3404,5607081.238
12.296827,0.268316,0.109342,0.25,1,1,0,0,0.028846,37485,431292.3306,5608304.477
12.333053,0.30034,0.171563,0.25,1,1,1,0,0.019231,37749,432282.3097,5605091.5
12.301383,0.291849,0.144524,0.25,1,1,0,0,0.019231,37700,431109.8454,5608086.203
12.506177,0.357108,0.155677,0.5,1,1,0,0,0.019231,38145,433040.9508,5604643.733
12.240474,0.206938,0.155091,0.25,1,1,0,0,0.038462,37623,431114.0324,5610383.496
12.621488,0.124454,0.268633,0.25,0.166667,0.333333,0,0,0.471154,38027,436853.1861,5605383.253
12.345835,0.335274,0.18617,0.25,1,1,0.6,0,0.076923,37772,431506.4258,5609015.053
12.873902,0.283115,0.355354,0.75,0.166667,1,0.6,0,0.067308,37461,430893.3163,5606853.686
12.106252,0.238476,0.089577,0.25,1,0.333333,0,0.333333,0.230769,37929,433773.6514,5608567.428
12.742566,0.337215,0.217043,0.5,1,1,0,0,0.019231,38162,431789.4841,5609685.301
12.60317,0.383552,0.262632,0.5,1,1,0,0,0.134615,37748,434487.4986,5609442.541
12.392552,0.34032,0.285787,0.5,1,1,0,0,0.134615,37841,441374.7277,5596303.199
12.380026,0.066715,0.283812,0,0.166667,0.333333,0,0.666667,0.557692,37635,439145.7529,5604951.976
11.979799,0.169335,0.053127,0.25,1,1,0,0,0.25,38159,432979.449,5608159.951
12.100712,0.226589,0.149554,0.25,1,1,0,0,0.057692,37713,431376.8602,5609052.661
12.25009,0.309801,0.205273,0.25,1,1,0,0,0.125,37895,441335.323,5597947.886
12.257241,0.138768,0.209042,0.25,0.166667,0.333333,0,0,0.432692,38140,437767.8771,5597485.434
12.421184,0.176371,0.227096,0.25,0.166667,0.333333,0,0.666667,0.394231,37896,435972.0275,5606741.655
12.344529,0.263464,0.156449,0.5,1,1,0,0,0.067308,37603,442386.3822,5594079.528
12.230765,0.138525,0.27172,0.25,0.166667,0.333333,0,0,0.413462,37567,438065.1984,5597122.063
12.356646,0.156477,0.245678,0.25,0.166667,0,0,0,0.384615,38113,437764.7369,5606693.139
12.393382,0.259583,0.156262,0.5,1,1,0,0,0.048077,38167,431348.0831,5609243.582
12.969212,0.531538,0.317277,0.75,1,1,0,0.333333,0.144231,37538,433696.2285,5602936.805
12.771386,0.45245,0.341969,0.75,1,1,0,0,0.134615,37824,433969.6927,5603915.908
12.587928,0.317807,0.089879,0.5,1,0.333333,0,0,0.076923,37502,438415.3162,5600470.557
12.354493,0.325328,0.173686,0.25,1,1,0,0.333333,0.028846,37756,433980.5351,5610555.351
12.524526,0.445124,0.330803,0.5,0.5,1,1,0,0.173077,38154,432376.6668,5608422.888
12.193494,0.139253,0.380528,0.25,0.166667,0.333333,0,0.666667,0.423077,38054,439162.1188,5598130.078
12.983655,0.450267,0.291839,0.75,1,1,0.2,0,0.019231,37747,435127.7213,5610443.334
12.206073,0.136099,0.209074,0.25,0.166667,0.333333,0,0,0.432692,37896,439428.7027,5598787.47
12.388394,0.376031,0.27529,0.5,1,1,0,0,0.144231,37463,441388.9753,5596187.066
12.110635,0.195536,0.148274,0.25,1,0.333333,0.4,1,0.019231,37509,432080.8616,5609338.05
12.319401,0.280204,0.165228,0.25,1,1,0,0.333333,0.153846,37847,440790.8115,5598175.457
12.66001,0.406114,0.225263,0.5,1,1,0,0,0.019231,37704,432147.0907,5610099.112
12.509874,0.367783,0.352936,0.5,1,1,0,0,0.240385,37512,435466.661,5607918.064
12.21106,0.1082,0.325709,0.25,0.166667,0.333333,0.6,0,0.461538,38002,438674.1775,5606832.808
12.301383,0.272198,0.418515,0.25,1,1,0,1,0.067308,37685,441161.9169,5596566.319
12.072541,0.159146,0.100073,0.25,1,0.333333,0,0,0.317308,37704,437837.716,5596625.916
12.005607,0.159631,0.087364,0.25,1,0,0,0,0,38115,444616.707,5593373.3
12.242887,0.219068,0.264922,0.25,1,0,0,0,0.259615,37945,433105.2363,5608086.625
12.043554,0.176856,0.080791,0.25,1,0.333333,0,0.333333,0.230769,37574,437496.6858,5609131.008
12.100156,0.18098,0.280719,0.25,0.166667,0.666667,0,0,0.442308,37508,439064.8245,5606499.784
12.69158,0.238962,0.134304,0.25,1,0.333333,0,0,0.894231,37816,437570.661,5603612.7
13.190022,0.514629,0.312563,0.5,1,0.333333,0,0,0.692308,37868,437581.5501,5603923.601
12.374697,0.356623,0.203594,0.25,1,1,0,0,0.009615,37699,430076.5814,5606488.334
12.314479,0.173945,0.261989,0.25,0.166667,1,0,0,0.451923,37474,437996.055,5605934.484
12.219482,0.215187,0.077311,0.25,1,0,0,0,0.009615,38006,431039.1872,5609747.905
12.285374,0.235808,0.095732,0.25,1,0,0,0,0.009615,38113,442849.3308,5592256.893
12.078239,0.163998,0.136561,0.25,1,0.333333,0,0.333333,0.240385,38114,437668.3498,5608931.25
12.013701,0.100922,0.089679,0,0.166667,0.333333,0,0,0.865385,37972,439341.3721,5605334.534
12.936034,0.557739,0.199703,0.75,1,1,0,0,0.019231,37931,432709.6008,5603672.82
12.043554,0.116764,0.269405,0.25,0.166667,0.333333,0,0,0.326923,37462,438081.4131,5608442.802
12.165251,0.128093,0.212091,0.25,0.166667,0.333333,0,0,0.317308,38042,439504.1113,5607608.016
12.477724,0.270742,0.16764,0.5,1,1,0,0,0.009615,38058,444123.9982,5594142.346
12.448627,0.24066,0.259963,0.5,0.166667,1,0,1,0.096154,37589,442815.2326,5593627.628
12.417144,0.226589,0.149554,0.25,1,1,0,0,0.057692,37944,431376.8602,5609052.661
12.873902,0.562591,0.29081,0.5,1,0.666667,0.6,0,0.153846,37445,433911.7925,5609146.996
12.245293,0.086608,0.227418,0.25,0.166667,0,0,0,0.471154,37590,438655.9477,5606672.32
12.149502,0.118632,0.098883,0.25,0,0,0,0,0.25,37995,439597.3335,5605074.81
12.940841,0.547065,0.213454,0.75,1,1,0,0,0.028846,37498,433185.9269,5603699.04
12.544247,0.325328,0.219757,0.5,1,1,0,0,0.009615,38049,432011.4544,5605286.138
12.591335,0.381611,0.25613,0.5,1,1,0,0,0.115385,38125,442077.9561,5596033.689
12.083905,0.148472,0.204237,0.25,0.166667,0,0,0,0.25,37868,433715.2628,5608139.269
12.028739,0.134158,0.097726,0.25,1,0,0,0,0.048077,38094,433216.2462,5610256.711
11.98916,0.114022,0.364191,0.25,0.166667,0,0,0.333333,0.25,37590,439615.3978,5608385.694
12.634046,0.466036,0.237722,0.5,1,1,0,0,0.019231,37655,432712.0986,5603713.258
12.4761,0.177268,0.268607,0.25,0.666667,0.333333,0,0,0.567308,37900,439266.5628,5604561.361
12.165251,0.232897,0.123112,0.25,1,0.333333,0,0.333333,0.076923,37824,442665.5545,5594587.622
12.505347,0.365599,0.199356,0.5,1,1,0,0,0.009615,38100,430854.1117,5608429.828
12.190959,0.184134,0.115819,0.25,1,0.333333,0,0,0.067308,37826,432736.6204,5609186.207
12.180755,0.137069,0.238924,0.25,0.166667,0.333333,0,0,0.423077,37715,438068.6141,5597241.059
12.095141,0.095099,0.109818,0.25,0.5,0.333333,0,0,0.038462,38105,442575.4126,5592419.425
12.406971,0.198933,0.238905,0.25,0.166667,0.333333,0,0.666667,0.413462,38156,436239.9671,5606528.104
12.69158,0.324115,0.405387,0.5,0.5,0.333333,1,0,0.298077,37894,434436.5389,5607043.472
12.216023,0.210092,0.134342,0.25,1,0.333333,0,0,0.076923,37974,443054.6451,5593781.951
12.223318,0.243814,0.12088,0.5,1,1,0,0,0.019231,37610,432941.1936,5604936.218
13.049793,0.377729,0.512433,0.75,0.166667,1,0.6,0,0.105769,37461,432252.4691,5607841.088
12.57141,0.459,0.235406,0.5,1,1,0,0,0.105769,37575,435833.835,5609395.261
12.19582,0.2836,0.1251,0.25,1,1,0,0,0.019231,37643,431584.0715,5610139.23
12.124027,0.192625,0.08876,0.25,1,0,0,1,0.019231,37746,431157.5461,5609736.287
12.072541,0.18001,0.08719,0.25,1,0,0,0,0.086538,37488,432589.7004,5609300.828
12.323856,0.18753,0.245665,0.25,0.166667,0.333333,0,0.333333,0.336538,37840,439098.1818,5608533.744
12.425208,0.155992,0.268157,0.25,0.166667,0.333333,0,0,0.423077,37968,436358.7727,5606166.423
12.439562,0.391072,0.201021,0.5,1,1,0,0,0.009615,37901,430077.4577,5606432.587
12.684057,0.390102,0.147122,0.5,1,1,0,0,0.028846,38042,433170.0381,5604417.124
12.802158,0.504852,0.230222,0.5,1,1,0,0,0.067308,37505,432122.5799,5609858.617
12.296827,0.298399,0.177654,0.25,1,1,0,0,0.096154,37588,434390.5847,5610217.253
12.417144,0.340854,0.166958,0.25,1,1,0,0,0.057692,38127,441321.1517,5596875.443
12.542545,0.259825,0.42231,0.5,0.166667,1,0,0,0.067308,37854,433123.0793,5609334.671
13.36766,0.416545,0.420496,1,0.166667,1,0.6,0,0.125,37495,433879.5294,5602911.101
12.491252,0.317322,0.246938,0.5,1,1,0,0.333333,0.105769,38006,441902.0315,5593300.141
12.524526,0.400291,0.256786,0.5,1,1,0,0,0.057692,37505,442533.259,5594676.099
12.358794,0.307132,0.192744,0.5,1,1,0,0,0.115385,37793,433585.371,5609644.886
12.388394,0.355895,0.194075,0.5,1,1,0.4,1,0.067308,37446,431349.6065,5606752.414
12.206073,0.201844,0.1178,0.25,1,0.333333,0,0,0.028846,37845,432181.1352,5609537.247
12.055023,0.133916,0.077723,0.25,0.166667,0,0,0,0.009615,38070,443351.7547,5594707.557
12.175613,0.125425,0.18563,0.25,0.166667,0.333333,1,0.333333,0.240385,37847,438148.1148,5608843.6
12.354493,0.279476,0.193432,0.5,1,1,0,1,0.028846,37772,430106.273,5606415.965
12.12757,0.153566,0.26882,0.25,0.166667,0.333333,0,0,0.432692,37456,439092.521,5598656.392
12.35643,0.127123,0.415698,0.25,0.166667,0.333333,0,0,0.548077,37697,439502.8572,5605473.465
12.388019,0.263222,0.18536,0.25,1,1,0,0,0.019231,37848,433143.4496,5610249.107
12.435198,0.296458,0.188929,0.5,1,1,0,0,0.038462,37869,433474.482,5604461.165
12.409013,0.206016,0.151625,0.5,0.166667,1,0,0,0.096154,37894,433616.412,5609865.436
11.98916,0.178797,0.128592,0.25,0,0,0,0.333333,0.240385,37816,435016.9772,5608573.278
12.567237,0.517467,0.317708,0.5,1,0,0.6,0,0.240385,37468,435536.0688,5608050.009
12.128111,0.24066,0.119375,0.25,1,0,0,0,0.096154,37770,442808.0082,5594323.906
12.301383,0.142407,0.2688,0.25,0.166667,0.333333,0,0.666667,0.471154,37826,438203.9869,5606412.325
12.247694,0.194323,0.19814,0.25,0.5,0.666667,0,0.666667,0.115385,37597,434504.2642,5609988.123
12.60987,0.448326,0.215371,0.5,1,0.333333,0,0,0.057692,37503,443359.2122,5593737.595
12.645939,0.437166,0.297306,0.5,1,1,1,0.666667,0.067308,38105,431498.2458,5609994.122
12.880292,0.231878,0.26907,0.25,0.166667,0.333333,0,0.333333,0.480769,38007,436265.9252,5604494.15
12.293639,0.286754,0.145836,0.25,1,1,0,0,0.009615,37989,430808.7122,5610759.674
12.407146,0.373362,0.260966,0.5,1,1,0,0,0.019231,37531,433699.7226,5602105.931
11.97035,0.177365,0.10756,0.25,1,0,0,0,0.230769,37741,433560.5893,5608248.046
12.013701,0.084182,0.159375,0,0.166667,0.333333,0,0,0.701923,37498,439030.9674,5604905.244
12.367341,0.266618,0.22545,0.25,0,0.666667,0,0,0,37911,434308.0777,5601817.641
12.18587,0.15672,0.220401,0.25,0,1,0,0,0.153846,37991,433758.6143,5609537.873
12.355324,0.269044,0.137996,0.25,1,1,0,0,0.009615,37950,432209.1754,5610257.847
12.319401,0.315332,0.164167,0.25,0.333333,1,0,0.666667,0.115385,37902,434538.8721,5609867.918
12.380026,0.312227,0.214123,0.25,1,1,0,0.333333,0.221154,37705,433548.0483,5609124.112
12.111762,0.146288,0.27583,0.25,0,0.666667,0,0.333333,0.365385,37688,439274.0158,5598262.505
12.446128,0.425279,0.213885,0.5,1,1,0,0,0.019231,37608,433098.4033,5604626.272
12.517227,0.155022,0.238866,0.25,0.5,0.666667,1,0,0.451923,37945,438072.9206,5605951.921
12.421184,0.326541,0.177391,0.5,1,1,0,0,0.076923,37725,442517.452,5594122.714
12.259613,0.152838,0.238905,0.25,0.166667,0,0,1,0.298077,37522,434964.8746,5606515.477
12.11997,0.196264,0.108853,0.25,1,0,0,0,0.038462,37748,430960.6458,5609321.699
12.413087,0.2836,0.25036,0.5,1,1,0,0,0.048077,37610,430981.9873,5610194.844
13.038982,0.325328,0.133757,0.75,1,0.333333,0,0,0.076923,37937,437580.6992,5603857.226
12.350173,0.33115,0.160134,0.25,1,1,0,0.333333,0.057692,37879,433882.6988,5610369.714
12.440354,0.18656,0.17642,0.25,0,1,0,0,0.019231,37870,432613.76,5610257.735
12.285346,0.126638,0.377917,0.25,0.166667,0.333333,0,0,0.442308,37973,438201.5683,5597867.405
12.190959,0.189471,0.285015,0.25,0.166667,0.666667,0,0,0.317308,38124,439245.8555,5608592.011
12.813117,0.130762,0.26891,0.25,0.166667,0.333333,0,0,0.721154,37580,438638.9617,5604073.897
12.466574,0.330665,0.228723,0.5,1,1,0,0,0.009615,37853,436408.4485,5611157.918
12.240474,0.18656,0.253833,0.25,0.166667,1,1,0.333333,0.25,37943,438150.4917,5608912.236
12.18587,0.125667,0.201362,0.25,0.166667,0.333333,0,0,0.240385,38111,434945.7052,5608477.142
12.225875,0.271955,0.508445,0.25,0.166667,0.333333,1,1,0.336538,37610,435589.6284,5607658.803
12.821258,0.425279,0.281548,0.5,1,1,0.6,0,0.038462,38070,432912.8756,5600940.848
12.619837,0.38525,0.273869,0.5,1,1,0,0,0.096154,37819,434641.1973,5609913.128
13.023599,0.469432,0.279214,0.75,1,1,0.4,1,0.009615,37971,431723.9551,5609664.935
12.344429,0.24818,0.142125,0.25,1,1,0,0,0.009615,38014,432187.821,5610267.011
12.358364,0.140223,0.268865,0.25,0.166667,0.333333,0.6,0,0.461538,37813,438427.7891,5607216.755
12.025749,0.131926,0.149399,0.25,0.166667,0.333333,0,0.666667,0.884615,37631,438820.0085,5604971.926
12.162257,0.214702,0.104968,0.25,1,0,0,0,0.019231,37691,431234.9134,5609671.441
12.940841,0.456332,0.251209,0.75,1,1,0,0,0.048077,38008,433921.4616,5602125.603
13.132314,0.518632,0.476395,0.75,1,1,0,0,0.192308,37798,435342.6982,5608772.617
12.392552,0.170063,0.308286,0.25,0,0.666667,0,0,0.307692,38111,434707.2922,5608179.342
12.242583,0.217855,0.236525,0.25,1,1,0,0,0.019231,37530,433169.0159,5604480.549
11.561716,0.110869,0.150769,0,0.166667,0,0,0,0.240385,37840,439707.0218,5608497.133
12.682307,0.385978,0.305886,0.5,1,1,0,1,0.144231,37714,441352.7741,5596371.854
12.644328,0.232654,0.191001,0.5,0.166667,1,0.4,0,0.048077,37893,433325.5717,5603716.66
11.938193,0.107472,0.177416,0.25,0.166667,0,0,0,0.365385,37804,438768.2867,5597836.292
12.230277,0.300582,0.329054,0.25,1,1,0,0,0.278846,38125,432708.1076,5607638.083
11.863582,0.164241,0.234049,0.25,1,0,0,0,0.259615,37714,438371.8409,5608977.59
12.160029,0.214702,0.127518,0.25,1,0,0,0,0.057692,38111,433160.5809,5610262.659
12.305479,0.251577,0.152975,0.25,1,1,0,0,0.019231,37672,433328.8344,5604611.21
12.28002,0.178554,0.070281,0.25,0,0,0,0,0.25,38055,436679.5264,5603668.147
12.237804,0.279476,0.156127,0.25,1,1,0,0,0.009615,37880,432347.0541,5605108.914
12.322744,0.172101,0.227,0.25,0.666667,0.333333,0,0,0.548077,37985,437291.3537,5603946.993
12.598571,0.413392,0.278493,0.5,1,1,0.6,0,0.019231,37587,430789.4355,5608364.097
12.128111,0.039787,0.257223,0.25,0.166667,0,0,0.333333,0.894231,37519,438716.2447,5605037.441
13.038982,0.286026,0.133519,0.5,1,0.333333,0,0,0.875,38114,437976.3508,5603729.805
11.973516,0.154294,0.080874,0.25,1,0,0,0,0.009615,37989,442951.2264,5593241.64
12.350173,0.327268,0.172515,0.25,1,0.666667,0,0,0.211538,37860,433682.947,5608428.746
12.337101,0.247695,0.154448,0.25,1,1,0,0.333333,0.038462,37798,442468.9269,5592287.561
12.328733,0.294517,0.19832,0.25,1,1,0,0,0.019231,37581,433072.9236,5604626.367
12.125085,0.208637,0.095732,0.25,1,0.333333,0,1,0.019231,37470,442614.9025,5592538.785
12.418248,0.360019,0.43527,0.25,1,1,0,0.333333,0.009615,37950,430775.972,5610660.362
12.198544,0.141194,0.16079,0.25,0,1,0,0,0.144231,37533,441514.7005,5598249.654
12.611538,0.126152,0.298676,0.25,0.166667,0.333333,1,0,0.480769,37939,436749.3234,5604103.003
12.26198,0.207909,0.149116,0.25,0.166667,0,0,0,0.221154,38101,434216.3522,5603688.649
12.611538,0.295973,0.089686,0.5,1,0.333333,0,0,0.019231,38014,437473.024,5604777.87
12.450978,0.323144,0.209897,0.5,1,1,0,0,0.048077,37665,432766.1053,5601388.126
12.644328,0.331223,0.304587,0.5,1,1,0,0.333333,0.355769,37873,435938.7091,5605074.492
12.18587,0.172974,0.102736,0.25,1,0.333333,0,0,0.048077,38154,433217.797,5610347.029
13.279367,0.297671,0.336804,0.75,0.166667,1,0.8,0,0.067308,37992,442296.2367,5594125.993
13.060488,0.417273,0.154519,0.75,1,0.333333,0,0.333333,0.048077,37607,437514.6726,5604197.117
12.341477,0.157205,0.311083,0.25,0.166667,0.333333,0,0.333333,0.346154,37532,435382.6998,5607605.94
12.396693,0.25934,0.132985,0.25,1,1,0,0,0.028846,37929,431359.2165,5608356.53
12.254863,0.305677,0.25339,0.25,1,1,0,0,0.115385,37662,441288.098,5597660.256
12.535182,0.342067,0.182092,0.5,1,1,0,0,0.009615,37992,443716.5748,5594017.503
12.360937,0.317807,0.19922,0.25,1,1,0,0.333333,0.076923,37823,434039.3039,5609584.136
12.645134,0.342552,0.214252,0.5,1,1,0,0,0.019231,38092,442409.7429,5592099.995
12.277928,0.120087,0.36048,0.25,0.166667,0.333333,0,0,0.480769,38097,438603.7467,5607248.632
12.254863,0.186317,0.129486,0.25,1,0,0,0,0.038462,37799,442632.5752,5595040.374
12.230765,0.352984,0.223867,0.5,1,1,0,0.333333,0.105769,38034,434322.758,5609597.282
12.305918,0.304949,0.150422,0.5,1,1,0,0,0.057692,37484,433005.0658,5601304.796
12.392552,0.343523,0.223687,0.5,1,1,1,0,0.009615,38069,442603.1201,5591868.967
12.563747,0.327511,0.206205,0.5,1,1,0,0,0.067308,37581,436195.9673,5610169.364
12.706545,0.43474,0.22709,0.5,1,1,0,0,0.038462,37525,435518.7681,5609947.547
11.974254,0.128093,0.108962,0.25,0.5,0.333333,0,0,0.019231,37468,433459.4364,5610598.409
12.834681,0.569141,0.266215,0.5,1,1,0,0,0.134615,37797,440473.4795,5598477.421
12.554378,0.118147,0.298554,0.25,0.166667,0,0,0,0.5,37718,437032.904,5603847.818
12.417573,0.413877,0.20115,0.5,1,1,0,0,0.019231,37510,432835.0349,5604054.438
13.199324,0.459,0.294682,0.75,1,1,0.6,0,0.019231,37761,432095.2729,5610051.095
11.964001,0.135371,0.108377,0.25,0.166667,0,0,0.333333,0.230769,37748,433709.3729,5608578.468
12.574182,0.34983,0.206816,0.5,1,1,0,0,0.038462,37798,433897.9632,5602138.281
12.154779,0.154051,0.100581,0.25,1,0.333333,0,0,0.028846,37789,442542.7585,5592470.348
12.537173,0.370451,0.164431,0.5,1,1,0,0.333333,0.019231,38135,431218.1772,5608241.289
12.827992,0.378214,0.508265,0.5,0.166667,1,0,0,0.086538,37887,433744.2813,5608948.061
12.05102,0.192625,0.077723,0.25,1,0,0,0,0,38079,443362.7724,5594723.999
12.358794,0.299854,0.221796,0.25,0.166667,0.666667,0,0,0.201923,38026,434947.0118,5609069.027
12.103215,0.159631,0.093957,0.25,1,1,0,1,0.009615,37984,442636.8314,5592544.385
12.345835,0.152353,0.283336,0.25,0.166667,0.333333,0,0,0.403846,37917,437944.3874,5606851.038
12.136187,0.114022,0.168618,0.25,0,1,0,0,0.076923,37642,442611.4637,5595149.968
12.487485,0.395682,0.171563,0.5,1,1,0,0,0.048077,37533,433431.0214,5604357.1
12.567237,0.347889,0.370308,0.5,1,1,0,0,0,38157,433168.2455,5604754.249
12.7513,0.426492,0.278223,0.5,1,1,0,0,0.182692,38127,434318.989,5609045.752
12.663497,0.209364,0.405368,0.5,0.166667,1,0,0.333333,0.278846,37826,433980.9518,5607395.66
12.243349,0.264677,0.20207,0.25,1,1,0,0,0.019231,37497,431297.8487,5608211.825
12.256376,0.194323,0.216439,0.25,0,1,0,0.333333,0.019231,37704,433462.0864,5610474.851
12.575911,0.207424,0.281034,0.5,0.166667,1,0,0.333333,0.115385,37529,442011.0561,5593465.533
12.404924,0.333333,0.197857,0.25,1,1,0,0.333333,0.028846,37796,430895.8327,5610473.11
12.377923,0.1082,0.340432,0.25,0.166667,0.333333,0,0.333333,0.471154,37851,439746.3962,5604917.811
12.396693,0.121543,0.375543,0.25,0.166667,0.333333,0,0.666667,0.557692,37749,439378.4099,5604820.698
12.230765,0.142649,0.283111,0.25,0.166667,0,0,0.666667,0.403846,38154,438106.6254,5597382.863
12.706848,0.401262,0.34186,0.5,1,1,0,0,0.057692,37873,442331.7025,5594060.354
12.660328,0.204998,0.277046,0.5,0.166667,1,0,0,0.048077,37951,433495.324,5601284.309
12.959844,0.543183,0.21393,0.75,1,1,0.6,0,0.019231,37971,431709.5732,5610283.141
12.375815,0.259583,0.301828,0.25,0.5,1,0,0.666667,0.413462,37676,436654.0926,5606670.089
12.213545,0.163586,0.239137,0.25,0.5,0.333333,1,0,0.298077,37443,433721.3764,5607270.445
12.101689,0.192528,0.144453,0.25,1,0,0,0,0.019231,37712,431095.1272,5609679.112
12.213981,0.233139,0.149888,0.5,1,1,0,0,0.019231,37529,432944.0361,5604950.143
12.144197,0.147016,0.208939,0.25,0.166667,0.333333,0,0.333333,0.403846,37565,439859.7638,5597739.494
13.359015,0.314896,0.435289,0.75,0.166667,1,0.8,0,0.096154,37945,441757.542,5593357.415
12.100156,0.233624,0.483245,0.25,1,1,0.4,1,0.259615,37728,433647.929,5608163.851
12.577457,0.41606,0.18507,0.5,1,1,0,0,0.019231,37721,433242.6234,5601666.935
12.721587,0.375303,0.199684,0.5,1,1,0,0.333333,0.105769,38162,433409.0284,5609558.097
12.834681,0.412179,0.238802,0.5,1,1,1,0,0.057692,37755,442477.3838,5594659.089
12.468437,0.362445,0.212303,0.5,1,1,0,0,0.153846,37818,434309.2781,5601903.259
12.314927,0.241388,0.169036,0.25,1,1,0,0,0.076923,38113,434309.0003,5610325.047
12.228323,0.255701,0.162398,0.25,1,0,0,0,0.048077,37921,443178.6835,5594136.631
12.238056,0.11378,0.164463,0.25,0.166667,0.333333,0,0,0.509615,37524,439051.7735,5605160.97
11.99226,0.078603,0.089602,0.25,0.5,0,0,0.333333,0.240385,38122,433617.2062,5608566.679
12.388394,0.15769,0.271669,0.25,0.333333,0.333333,0,0,0.336538,37930,435458.0498,5607660.72
11.99226,0.170063,0.098395,0.25,1,0,0,0,0.076923,37505,442815.5102,5594425.34
12.417144,0.346676,0.376868,0.5,1,1,0,1,0.028846,38125,429959.3538,5606419.228
11.982929,0.194081,0.092445,0.25,1,0,0,0,0.173077,37490,439603.963,5608834.522
12.466512,0.232897,0.191001,0.5,0.166667,1,0.4,0,0.048077,37456,433367.1556,5603716.104
12.669807,0.458758,0.349083,0.5,1,1,0,0,0.019231,37791,443195.55,5593461.715
11.963886,0.198205,0.122205,0.25,1,0.333333,0,0,0.019231,37488,433402.1283,5610551.208
12.25009,0.159389,0.245755,0.25,0,0.666667,0,0,0.355769,37459,438676.4757,5607876.151
12.18587,0.232169,0.095667,0.25,1,0,0,0,0.038462,37795,442565.1821,5592392.24
13.629181,0.551431,0.531021,0.75,1,1,0,0,0.115385,37855,442562.9562,5593449.871
12.072541,0.086851,0.137442,0.25,0,0.333333,0,0,0.269231,37839,433007.1986,5608166.644
12.356646,0.299854,0.181372,0.5,1,1,1,0,0.057692,38136,432978.412,5610040.02
12.190959,0.12688,0.315489,0.25,0,1,0,0,0.076923,38161,442723.9751,5594584.586
12.153452,0.214702,0.106872,0.25,1,0,0,0,0.019231,37629,431228.8485,5609647.164
12.310433,0.098011,0.268807,0,0.166667,0.333333,0,0,0.528846,37900,437501.175,5604920.077
12.317167,0.232411,0.165974,0.5,1,1,0,0,0.076923,37525,433766.4314,5609973.895
12.50337,0.372635,0.190859,0.5,1,1,0.6,0,0.019231,37453,432785.1954,5604117.998
12.154485,0.230713,0.140806,0.25,1,0,0,0,0.009615,38061,443031.362,5594494.839
12.710746,0.241388,0.200764,0.5,0.166667,1,0,0,0,38071,433271.7616,5602214.664
12.653958,0.221494,0.277972,0.5,0.166667,1,0,0,0.125,37839,433722.9944,5601223.237
11.876791,0.130034,0.159465,0.25,0.166667,0,0,0,0.375,37540,438768.885,5597783.97
12.088977,0.155992,0.245742,0.25,0.5,0,0,0.333333,0.25,37796,434095.3102,5608435.202
12.69158,0.214702,0.352543,0.25,0.166667,0.333333,0,0,0.471154,37799,436900.8345,5604846.096
12.69158,0.30131,0.089364,0.5,1,1,0,0,0.057692,37587,438057.931,5605022.937
12.496875,0.220039,0.301751,0.25,0.166667,0.333333,0,0,0.365385,37694,435342.8394,5606385.823
12.817855,0.299612,0.247794,0.5,0.166667,1,0,0.333333,0.009615,37792,432645.0291,5603614.298
12.301383,0.184377,0.180066,0.25,0.166667,1,1,0,0.144231,37638,432464.3146,5608616.158
12.535376,0.195536,0.223533,0.25,0.166667,1,0,0.666667,0.442308,37813,436199.1593,5603891.57
12.943237,0.255216,0.30972,0.75,0.166667,1,0,0.333333,0.028846,37644,433832.6995,5602161.52
12.278393,0.047065,0.266678,0,0.166667,0,0,0,0.557692,38078,439195.6453,5605352.518
12.534653,0.371907,0.21723,0.5,1,1,0,0,0.019231,37527,432212.4724,5601188.54
12.028685,0.15114,0.077723,0.25,1,0,0,0,0.009615,38140,443343.2835,5594724.208
12.025749,0.151625,0.175718,0.25,0.5,0,0,0,0.230769,38076,438975.4726,5609250.775
12.239575,0.294032,0.12474,0.25,1,1,0,0,0.009615,37841,443993.377,5594010.992
12.821258,0.416788,0.261558,0.5,1,1,0,0.333333,0.028846,37998,433314.0309,5609696.556
12.504324,0.34983,0.243536,0.5,1,1,0.4,0.666667,0.057692,37634,432749.0238,5601390.647
12.547529,0.37312,0.221603,0.5,1,1,0,0,0,38149,431993.1692,5605085.436
11.95118,0.130277,0.10583,0.25,0.166667,0,0,0.333333,0.403846,37797,437880.154,5605437.292
12.730801,0.3787,0.420386,0.5,1,1,0,0.333333,0.269231,37692,434565.7448,5607079.531
12.834681,0.226346,0.322307,0.25,0.166667,1,0,0,0.403846,37792,437455.3433,5606266.726
12.425208,0.256186,0.161813,0.25,1,1,0,0,0.028846,37800,432473.7277,5610165.689
12.911642,0.342795,0.190537,0.75,1,1,0,0,0.009615,38105,433048.785,5604640.213
12.505807,0.240902,0.232505,0.5,0.166667,1,0,0,0.019231,37461,430368.6057,5606553.31
12.230765,0.152838,0.102099,0.5,0.166667,0.333333,0,0,0.019231,37572,433488.2317,5604484.469
12.186604,0.192625,0.076713,0.25,1,0,0,0,0.009615,38062,431039.0808,5609752.853
12.644821,0.38064,0.174188,0.5,1,1,0,0,0,38091,432827.2969,5604885.117
12.205573,0.217613,0.252071,0.25,0.166667,0,0,0,0.346154,38034,438503.3102,5608107.477
12.122691,0.142649,0.193322,0.25,0.5,0.333333,0,0.333333,0.105769,37525,441352.2691,5598309.094
11.950851,0.148957,0.157735,0.25,0.166667,0.333333,0,0,0.307692,37476,439306.4805,5608745.688
12.319401,0.30131,0.158989,0.25,1,1,0,0,0.028846,37845,432262.9097,5610259.256
12.323856,0.323144,0.26752,0.5,1,1,0,0,0.076923,38156,442435.6796,5594094.791
12.413944,0.312955,0.192313,0.5,1,1,0,0,0.009615,37881,433418.9833,5602390.561
12.553926,0.372392,0.263539,0.5,1,1,0,0,0.028846,37678,432965.2576,5603819.29
12.594731,0.4459,0.302027,0.5,1,1,0,0,0.144231,38111,435164.03,5609208.634
12.594731,0.444202,0.233689,0.5,1,1,0,0,0.144231,37609,435688.3239,5609304.629
12.254863,0.161815,0.245504,0.25,0.166667,0.333333,0,0,0.336538,37670,438591.3507,5608592.163
12.382125,0.296215,0.173815,0.5,1,1,0,0.333333,0.057692,38120,442514.2728,5595001.659
12.360937,0.181223,0.252052,0.25,0,0.333333,0.6,0,0.298077,37950,433815.6245,5607226.989
12.170751,0.200631,0.118591,0.25,1,0,0,1,0.009615,38051,442877.0222,5592291.708
12.387977,0.31919,0.186807,0.5,1,1,0,0,0.019231,37702,433126.1394,5604606.209
12.478277,0.364629,0.35354,0.5,1,1,0,0,0.019231,37606,433526.6065,5602372.024
12.610918,0.229015,0.317554,0.5,0.166667,1,0,0,0.019231,37676,431009.9337,5608119.684
12.614866,0.47671,0.375904,0.5,1,1,0,0,0.115385,38146,436009.1855,5609396.32
12.254863,0.141679,0.262934,0.25,0.166667,0.333333,0,0,0.375,37960,437702.8795,5597070.446
12.468437,0.371907,0.212071,0.5,1,1,0,0,0.173077,37590,434401.7059,5602147.713
12.386137,0.33212,0.144325,0.5,1,1,0,0.333333,0.009615,38100,442273.2208,5591906.979
12.487485,0.178554,0.256753,0.25,0.166667,0.333333,0,0,0.423077,37870,436493.1122,5606039.465
12.001505,0.18559,0.175024,0.25,1,0,0,0,0.105769,37711,441657.2163,5598282.402
12.718896,0.389131,0.257905,0.5,1,1,0,0,0.144231,37756,434320.1158,5601723.254
12.154779,0.177584,0.199407,0.25,0,0.666667,0,0.333333,0.221154,37527,438044.7187,5608998.806
12.25009,0.208879,0.090799,0.25,1,0,0,0,0.221154,38056,434462.543,5603187.43
12.897323,0.304779,0.323542,0.75,0.166667,1,0,0,0.019231,37606,430339.0466,5606917.419
12.725158,0.387918,0.231065,0.5,1,1,0,0,0.019231,37741,432866.9129,5603571.123
12.196022,0.142407,0.267746,0.25,0.166667,0.333333,0.6,0.333333,0.432692,37818,438434.0904,5598968.527
12.150613,0.197234,0.077723,0.25,1,0,0,0,0,38159,443529.0912,5594664.267
12.345835,0.243086,0.089532,0.25,1,0.333333,0,0,0.134615,37439,438972.5422,5605402.431
12.196022,0.134401,0.11823,0.25,0,0.333333,0,0,0.067308,38050,443030.9577,5593721.894
12.337101,0.215187,0.252026,0.5,0.166667,1,0,0,0.230769,37743,434761.7114,5608730.581
12.245293,0.195536,0.252026,0.25,0.166667,0,0,0.333333,0.288462,37893,433290.0854,5607553.731
12.273731,0.267831,0.317927,0.25,1,1,0,0,0.057692,37758,441629.2219,5596550.648
12.369466,0.306647,0.127827,0.25,1,1,0,0,0.009615,38057,443988.7007,5594142.886
12.250836,0.321689,0.170277,0.25,1,1,0,0,0.019231,37527,432847.9722,5604033.218
12.460715,0.159631,0.2962,0.25,0.166667,0.333333,0,0,0.490385,37440,436750.592,5604506.304
12.095141,0.116448,0.275226,0.25,0.166667,0.333333,0,0,0.384615,37490,439770.6652,5597963.428
12.584509,0.33212,0.232608,0.5,1,1,0.6,0,0.182692,37746,432389.2476,5608059.151
12.128111,0.094129,0.128277,0.25,0.166667,0.333333,0,0,0.894231,37685,439299.8796,5605461.031
12.308169,0.291849,0.206726,0.25,1,1,0,0,0.009615,37775,433500.8138,5610604.558
12.204341,0.152838,0.125897,0.5,0.166667,0.333333,0,0,0.019231,37643,433487.5167,5604434.671
12.138864,0.140708,0.209492,0.25,0.166667,0.333333,0,0,0.432692,37860,439252.314,5598872.402
12.392552,0.310044,0.1733,0.25,1,1,0,0.333333,0.076923,38167,432242.6912,5608786.01
12.487485,0.249879,0.563225,0.25,0.166667,0.333333,0,1,0.403846,37586,438133.1577,5606786.082
12.227188,0.260068,0.159517,0.25,1,1,0,0,0.019231,37649,433434.2769,5610375.585
11.97035,0.140708,0.121948,0.25,0,0,0,0,0.336538,37502,435331.6088,5607543.69
11.82041,0.115963,0.127338,0.25,0,0,0,0,0.288462,37449,433487.5461,5607610.823
12.713757,0.407084,0.246302,0.5,1,1,0,0,0.019231,37763,431071.6541,5608026.234
12.498742,0.256186,0.231264,0.25,0.166667,0.666667,0,0,0.278846,37919,438423.1926,5607534.386
12.564621,0.289617,0.268858,0.25,0.666667,0,0,0,0.711538,37930,438568.4515,5604678.918
12.271167,0.275109,0.160063,0.25,1,1,0,0.666667,0.009615,38052,443717.8136,5593982.091
12.366247,0.307132,0.146839,0.25,1,1,1,0,0.019231,37761,431128.5768,5608064.343
12.109011,0.13804,0.160012,0.25,0.166667,0.333333,1,0.666667,0.307692,37719,439380.4967,5608789.936
12.32829,0.150898,0.297113,0.25,0.166667,0.333333,0,0.333333,0.461538,37743,438871.6643,5607246.766
12.254863,0.226346,0.178864,0.25,1,1,0,0.333333,0.115385,38135,441227.953,5597654.504
12.41801,0.405143,0.17705,0.5,1,1,0,0,0.019231,37636,430047.474,5606050.687
12.348006,0.253033,0.136812,0.5,1,0.666667,0,0,0.076923,37790,430970.4281,5608631.033
12.711383,0.496361,0.257924,0.5,1,1,0,0,0.086538,37551,435016.9464,5610041.403
12.390475,0.30034,0.140356,0.5,1,1,0,0,0.086538,37644,433892.032,5601011.867
12.413087,0.331393,0.202655,0.5,1,1,0,0,0.125,37789,440815.2223,5597843.112
12.577636,0.172489,0.238873,0.25,0.166667,0.333333,1,0,0.442308,38104,437581.9681,5605959.7
12.388394,0.282145,0.20488,0.25,1,1,0,0,0.028846,38001,434103.8352,5610618.454
12.083905,0.146312,0.284822,0.25,0.166667,0,0,0,0.336538,38119,438315.9325,5608568.606
11.982929,0.214944,0.083666,0.25,1,0,1,0.333333,0.240385,37775,434959.9651,5608397.129
12.506177,0.375061,0.293904,0.5,1,1,0,0,0.125,37466,431966.8329,5608794.363
12.531773,0.28918,0.14455,0.5,1,1,0.6,0,0.019231,37846,429956.5783,5606510.236
12.128111,0.170306,0.089486,0.25,0.166667,0,0,0,0.855769,37599,438430.318,5604182.173
12.632082,0.40854,0.251801,0.5,1,1,0,0,0.009615,38127,436152.9972,5610980.793
12.361815,0.325813,0.177223,0.25,0.166667,0,0,0,0.009615,38007,443147.0564,5594431.609
12.404514,0.288937,0.158057,0.25,1,1,0,0,0.019231,37928,432393.01,5604846.772
12.205573,0.192625,0.165254,0.25,1,1,0,0,0.057692,37866,443495.8639,5594209.896
12.594731,0.265648,0.483946,0.5,0.166667,1,0,0,0.048077,37541,442325.9247,5593857.193
12.260315,0.244299,0.14455,0.25,1,1,0,0,0.019231,37699,431078.9141,5608106.771
12.367341,0.275109,0.130792,0.5,1,0.666667,0,0,0.230769,38012,433846.6201,5604226.322
12.763102,0.399442,0.247138,0.5,1,1,0.6,0,0.019231,37562,433182.9483,5604606.48
12.429216,0.138768,0.227128,0.25,0.166667,0.333333,0,0,0.423077,38065,436438.3864,5606091.396
12.054843,0.205725,0.226717,0.25,1,0.333333,1,0,0.019231,37442,433397.4759,5610488.063
12.254863,0.102135,0.197175,0.25,0.166667,0.333333,0,0,0.730769,38000,439286.3727,5604324.305
12.493625,0.35638,0.19832,0.5,1,1,0,0,0.019231,37791,433064.4056,5604626.486
12.456831,0.157448,0.26516,0.25,0,0.333333,0,0,0.365385,37518,435003.236,5606853.342
12.128419,0.212033,0.115214,0.25,1,0,0,1,0.009615,37985,442882.6312,5592282.377
12.061047,0.115963,0.117259,0.25,0,0,0,0,0.288462,37838,434382.997,5607966.104
12.341477,0.326055,0.175815,0.25,1,1,0,0,0.028846,37642,430908.5231,5610411.561
12.193494,0.185832,0.185167,0.25,0.166667,0,1,0,0.240385,37823,439254.6333,5608901.012
12.117241,0.169335,0.157079,0.25,1,0.333333,0,0,0.038462,37714,433220.681,5610502.271
12.560244,0.118147,0.358229,0.25,0.166667,0.333333,0,0,0.471154,38044,436801.1353,5605383.89
12.660328,0.475255,0.212078,0.5,1,1,1,0,0.125,37855,440856.2502,5597808.265
12.21106,0.096094,0.270852,0,0.166667,0.333333,0,0,0.490385,37917,438641.6833,5605612.593
12.190959,0.216157,0.132966,0.25,1,0.333333,0,0,0.096154,37942,442805.1827,5594237.881
12.301383,0.299612,0.171994,0.5,1,1,0,1,0.076923,37939,431165.1529,5606438.47
12.421184,0.352014,0.177995,0.25,1,1,0,0,0.038462,37855,431769.5984,5610497.879
12.25009,0.21179,0.271759,0.25,0.166667,0.333333,0,0,0.298077,37609,433650.047,5607162.941
12.513557,0.362931,0.243665,0.5,1,1,0,0,0.096154,37931,434625.2098,5609972.344
12.629191,0.229258,0.212541,0.5,0.166667,1,0.6,0,0,38015,431694.5978,5610701.918
12.259613,0.164241,0.272865,0.25,0.166667,0.333333,0,0.666667,0.413462,37973,436669.4741,5606732.104
12.97154,0.489326,0.251949,0.75,1,1,0.2,0,0.019231,37986,434951.5369,5610647.442
12.487485,0.337458,0.164102,0.5,1,1,0,0,0.038462,37650,433284.9834,5604350.216
12.444692,0.423823,0.189573,0.5,1,1,0,0,0.028846,37712,430689.5056,5610584.571
12.7513,0.443717,0.332263,0.5,1,1,0.6,0.333333,0.192308,37896,433806.405,5603141.437
12.05064,0.121786,0.128605,0.25,0,0,0,0,0.019231,37627,444173.5614,5593553.153
12.154779,0.136099,0.111619,0.25,0,0,0,0,0.057692,38166,442781.2409,5594771.726
12.345835,0.233624,0.151207,0.25,1,1,0,1,0.067308,38000,442749.5532,5595161.592
12.440354,0.367783,0.166219,0.5,1,1,0,0,0.019231,38020,432592.9238,5610367.121
12.32829,0.300582,0.195368,0.25,1,1,0,0.333333,0.096154,37665,442575.0888,5594192.55
12.358794,0.308588,0.23302,0.5,1,1,0,0,0.182692,37475,434726.6314,5609212.418
12.577636,0.190636,0.119504,0.5,0.833333,0.333333,0,0,0.884615,37789,438875.8479,5604780.07
12.686954,0.22295,0.060247,0.25,1,1,1,0,0.201923,37782,437183.722,5604249.663
12.154779,0.155507,0.221455,0.25,0.166667,1,0.6,0,0.336538,37880,438165.2894,5596941.918
12.282571,0.243328,0.682793,0.25,1,1,1,1,0.057692,37498,441012.2898,5596603.848
12.25009,0.108443,0.211396,0.25,0.166667,0.333333,0,0.333333,0.884615,38114,439307.5219,5604433.946
12.449019,0.347162,0.276602,0.5,1,0.333333,0,0,0.057692,37601,443268.3959,5593697.528
12.230765,0.155264,0.264478,0.25,0.166667,0.333333,0.4,0.666667,0.326923,37799,438080.8111,5608354.494
12.431996,0.267589,0.153554,0.5,1,0.333333,0,0,0.019231,37650,433363.208,5604636.945
13.076439,0.452935,0.269971,0.75,1,1,1,0,0.019231,37504,432330.5334,5601361.678
12.443119,0.259825,0.186427,0.5,1,1,0,0,0.201923,37541,433990.2397,5603347.505
12.767116,0.485687,0.481643,0.5,1,1,1,0,0.105769,37806,435081.1835,5610064.502
12.106252,0.129549,0.222819,0.25,0.166667,0.333333,0.6,0.333333,0.317308,37743,439472.5561,5607340.427
12.481809,0.34886,0.163787,0.5,1,1,0,0,0.057692,37460,432425.5473,5609664.35
11.928064,0.154294,0.066988,0.25,1,0,0,0,0.019231,37839,443559.3078,5594578.395
11.982929,0.137069,0.271701,0.25,0.166667,0.333333,0,0,0.346154,37467,438616.7805,5608235.154
12.914108,0.454148,0.291871,0.5,1,1,0,0,0.115385,37565,442648.3788,5593861.457
12.122691,0.194323,0.097694,0.25,1,0.333333,0,0,0.076923,37949,442833.7257,5594367.241
11.964001,0.102644,0.173313,0.25,0,1,0,0.333333,0.211538,37532,441059.5645,5598231.415
12.520883,0.284085,0.288044,0.25,0.166667,1,0,0,0.442308,37940,437953.2377,5597522.127
12.345835,0.189471,0.271624,0.25,0,0.666667,0,0,0.278846,37977,433522.0463,5607938.288
12.240474,0.196992,0.244912,0.25,0,0.666667,0,0,0.317308,37498,437691.1067,5597422.215
13.254253,0.329937,0.392819,1,0.166667,1,0.8,0,0.019231,37534,432505.2407,5600955.871
12.429216,0.273654,0.436505,0.5,1,1,0,0,0.240385,38120,434229.1735,5608379.624
12.095141,0.14556,0.111927,0.25,1,0,0,0,0.201923,38090,434828.2762,5609505.296
12.242887,0.29476,0.143906,0.25,1,1,0,0.333333,0.048077,37967,442600.3094,5592303.743
12.879017,0.474527,0.220137,0.75,1,1,0,0,0.048077,37670,442411.2676,5594940.065
12.535376,0.337458,0.134818,0.5,1,1,0,0,0.009615,38078,433407.1694,5602378.412
12.660328,0.391315,0.314351,0.5,1,1,0,0,0,38163,431815.9965,5610432.474
12.18587,0.130519,0.112751,0.25,0.166667,0.333333,0,0.333333,0.403846,38110,437635.6733,5605228.88
12.297434,0.293547,0.172207,0.25,1,1,0,0,0.019231,37541,430704.9944,5610453.918
12.672034,0.381853,0.230737,0.5,1,1,0,0,0,38124,432002.1064,5610375.027
12.043554,0.118147,0.110962,0.25,0.5,0,0,0.666667,0.048077,37527,442730.1871,5595046.087
12.319401,0.066715,0.178999,0,0.166667,0.333333,0,0,0.576923,37531,439262.0102,5604498.288
12.429216,0.293062,0.2575,0.5,1,1,1,0,0.153846,38155,433682.4127,5609373.705
12.111762,0.196264,0.108634,0.25,1,0,1,0,0.038462,37525,430960.3013,5609364.811
13.054085,0.299369,0.25566,0.75,0.166667,1,0.2,0,0.057692,37764,435553.4952,5610223.88
12.367341,0.322659,0.230319,0.5,1,1,0,0,0.076923,37686,431773.557,5608687.858
12.312682,0.192382,0.198481,0.25,0,0.333333,0,0,0.067308,37566,443152.3205,5593937.158
12.301383,0.28918,0.169222,0.25,1,1,0,0,0.153846,37736,432383.2265,5608610.946
12.820988,0.505337,0.222369,0.75,1,1,0,0,0.019231,38096,432820.3011,5605195.729
12.235311,0.238719,0.113863,0.25,1,0,0,0,0.009615,38140,442813.1791,5592257.51
12.098209,0.160359,0.107772,0.25,1,0.333333,0,0,0.105769,37811,441540.9817,5598377.816
13.527828,0.475497,0.402081,1,1,1,0,0,0.057692,37778,442650.9204,5593637.206
12.125405,0.221252,0.107451,0.25,1,0,0,0,0.038462,37698,433246.7926,5610478.026
12.873902,0.473314,0.339821,0.75,1,1,0.6,0,0.009615,38065,431761.1105,5610320.431
12.022751,0.253275,0.127975,0.25,1,1,0,0,0.115385,37452,441472.6283,5597826.31
12.779873,0.375546,0.194538,0.75,1,1,0,0,0.028846,38152,432942.0975,5605080.922
12.078239,0.178797,0.163427,0.25,1,0.333333,0,0.333333,0.211538,37461,442364.9954,5592962.655
12.32829,0.221494,0.15156,0.25,1,1,0,0,0.048077,37708,432779.0059,5609898.29
12.69158,0.358079,0.380084,0.5,1,1,0.6,0,0.144231,37783,442175.8502,5593522.88
12.611538,0.18098,0.268884,0.25,0.166667,0.333333,0,0,0.711538,37609,438630.4708,5604649.11
12.354113,0.295488,0.134387,0.25,1,1,0,0,0.009615,37823,431336.0633,5607993.861
12.190959,0.247938,0.110962,0.25,1,0,0,0,0.057692,37970,442637.402,5594927.243
12.254863,0.120815,0.13031,0.25,0,1,0,0,0.336538,38166,435338.0554,5607522.466
12.025749,0.127851,0.186299,0.25,0,0,0,0.333333,0.259615,37726,433384.7442,5608589.29
12.20106,0.146046,0.224253,0.25,0.166667,1,0,0,0.413462,37505,439320.9512,5598062.952
12.811754,0.593304,0.237831,0.5,1,1,0.6,0,0.173077,38152,433711.8675,5603416.96
12.323856,0.164726,0.137423,0.25,0,0.333333,0,0,0.048077,37613,443240.9829,5594078.327
12.460354,0.391606,0.235882,0.5,1,1,0,0,0.019231,37691,430682.2114,5610528.054
12.259613,0.218583,0.143443,0.25,1,1,0,0,0.086538,37838,432658.7123,5609338.265
11.938193,0.091946,0.117671,0.25,0.5,0.666667,0,1,0.365385,37523,438116.5582,5606640.573
12.354493,0.323387,0.145186,0.5,1,1,0,0,0.076923,38043,430982.3777,5608686.708
12.724459,0.454876,0.265469,0.5,1,1,0,0,0.019231,37579,432236.988,5601032.976
12.180755,0.163028,0.268858,0.25,0.166667,0.333333,0,0,0.442308,37785,437682.0395,5598434.441
12.714395,0.357836,0.216857,0.5,1,1,1,0.333333,0.038462,37868,430287.5891,5606532.249
12.223608,0.27147,0.142717,0.25,1,1,1,0.333333,0.019231,37526,431232.546,5608215.392
12.456831,0.396895,0.226627,0.5,1,1,0,0,0.086538,37912,431184.6384,5606767.465
12.273731,0.100922,0.268614,0.25,0.166667,0.333333,0,0,0.548077,37527,439319.5807,5605334.557
12.632288,0.45706,0.267726,0.5,1,1,0,0,0.019231,37502,431847.7241,5609828.228
12.971308,0.535177,0.21157,0.75,1,1,0,0,0.019231,37662,433355.2433,5601969.804
12.278393,0.137069,0.297962,0.25,0.166667,0.333333,0,0.666667,0.5,37909,439118.5603,5606390.341
12.273731,0.222707,0.283658,0.25,0.166667,0.333333,0,0,0.903846,37707,439434.5411,5604884.512
12.25009,0.094299,0.089538,0.25,0,0.333333,0,0,0.240385,37708,438636.6719,5604889.849
12.509505,0.377244,0.294451,0.5,1,1,0,0,0.182692,37804,434334.4866,5609177.266
12.240474,0.196749,0.097153,0.25,0,0.333333,0,0.666667,0.240385,38030,438925.8535,5604969.671
12.76608,0.516739,0.199877,0.5,1,0.333333,0,0,0.057692,37931,443187.3366,5593877.532
12.345835,0.1082,0.226948,0.25,0.166667,0.333333,0,0,0.471154,38003,439950.9053,5604808.629
11.931636,0.190927,0.152911,0.25,0.666667,0,0,0.333333,0.317308,37574,438888.6149,5598273.276
12.281421,0.391557,0.201021,0.25,1,1,0,0,0.019231,37648,432462.7439,5605141.404
12.435703,0.35638,0.146479,0.25,1,1,0,0,0.019231,38106,430858.1755,5610755.463
12.345835,0.202572,0.188183,0.25,0,0.666667,1,0,0.096154,37890,442756.8523,5595715.691
12.262878,0.2705,0.143521,0.25,1,0.333333,0,0.333333,0.009615,38100,443137.3258,5593405.237
12.213545,0.201601,0.12474,0.25,1,1,0,0,0.067308,37935,442775.1905,5594771.768
12.891692,0.263222,0.272093,0.5,0.166667,1,0,0,0.009615,38065,433393.3784,5601783.321
12.18587,0.155264,0.173126,0.25,0.166667,0.333333,0,0,0.25,37711,433400.0939,5608325.419
13.263856,0.506065,0.416617,0.75,1,1,1,0,0.009615,37992,432285.6001,5601334.004
12.301383,0.254246,0.089577,0.25,1,0.333333,0,0.666667,0.134615,37824,438408.6295,5604972.26
12.22408,0.242843,0.133487,0.25,1,1,0,0,0.019231,37755,432460.3041,5604879.521
12.502095,0.29755,0.158989,0.5,1,1,0,0,0.048077,38097,430903.5246,5610372.101
12.860999,0.322416,0.110885,0.5,1,0.333333,0,0.333333,0.086538,38164,437338.7093,5604078.504
12.405837,0.342552,0.215255,0.5,1,1,0,0.333333,0.105769,37917,441855.8615,5595629.844
12.031719,0.119117,0.140935,0.25,0.166667,0.333333,0,0.666667,0.317308,37588,434901.4675,5607541.929
12.879655,0.429646,0.212084,0.5,1,1,0,0,0.009615,38168,432125.5654,5601157.672
12.128111,0.169335,0.229379,0.25,0,1,0,0.333333,0.125,37441,441355.0402,5597868.181
12.049419,0.170063,0.130914,0.25,1,1,0,0,0.076923,37918,442790.3907,5594497.565
12.452933,0.065017,0.380953,0,0.166667,0.333333,0,0.666667,0.567308,37779,437537.7678,5603473.334
12.598115,0.195536,0.217243,0.5,0.166667,1,0,0,0.019231,37812,431772.5777,5610693.861
11.982929,0.147501,0.156526,0.25,0.5,0,0,1,0.211538,37446,442813.7854,5593133.226
12.154779,0.119093,0.089622,0.25,0,0,0,0,0.259615,38048,438479.712,5605206.586
12.283779,0.356138,0.177995,0.5,1,1,0,0.333333,0.009615,38092,436163.9782,5610934.388
12.111762,0.164241,0.251216,0.25,0,0.333333,0,0,0.298077,37452,439488.9055,5608191.111
12.078239,0.151383,0.209132,0.25,0.166667,0.333333,0,0,0.442308,37880,438071.4516,5597604.629
12.276065,0.159874,0.268299,0.25,0.166667,0.333333,0,0,0.471154,37832,439007.5184,5606448.983
12.138864,0.177584,0.08609,0.25,1,0.333333,0,0,0.086538,37924,432603.3528,5609355.131
12.310433,0.134158,0.283156,0.25,0.166667,0.333333,0,0.666667,0.403846,37534,438087.3077,5597377.015
12.367341,0.291121,0.146498,0.25,1,1,0,0,0.009615,38152,430767.674,5609201.135
12.448627,0.316109,0.153535,0.5,1,1,1,0,0.019231,37935,444241.5934,5593557.728
12.558489,0.130131,0.178999,0.25,0.166667,0.333333,0,0,0.576923,37994,438408.1374,5604829.324
12.344782,0.252547,0.14455,0.25,1,1,0,0,0,38127,430624.5245,5608853.506
12.525068,0.402232,0.228762,0.5,1,1,0,0,0.009615,38142,431668.6783,5610824.035
12.278393,0.137069,0.224073,0.25,0.5,0.333333,0,0.666667,0.432692,37788,437087.9593,5606160.092
12.206073,0.278991,0.161427,0.25,1,1,0,0.333333,0.221154,38141,432557.4123,5608484.008
12.814558,0.48884,0.242764,0.5,1,1,0,0,0.009615,37657,432907.3948,5603588.074
12.125405,0.23605,0.168026,0.25,1,0,0,0.333333,0.019231,37510,444067.2193,5593565.533
12.429216,0.078603,0.223983,0.25,0.166667,0.333333,0,0.666667,0.538462,37918,439103.1065,5605449.951
12.377923,0.083697,0.1492,0,0.166667,0.333333,0,0,0.692308,38080,439227.4288,5604199.099
12.791078,0.392285,0.299557,0.5,1,1,0.6,0,0.019231,38168,432378.5221,5601353.906
12.062918,0.095099,0.130387,0.25,0.5,0,0,0,0.019231,37447,432318.5715,5610252.896
12.296827,0.137069,0.268305,0.25,0.166667,0.333333,0,0,0.461538,37482,438486.9713,5607144.547
12.314227,0.392528,0.189573,0.25,1,1,0,0,0.009615,37799,430673.9997,5610582.041
12.027245,0.122999,0.173146,0.25,0,0,0,0,0.259615,37607,433315.3218,5608383.92
12.606271,0.397865,0.163717,0.5,1,1,0,0,0.009615,38027,430834.637,5608380.042
12.345835,0.395973,0.217654,0.5,1,1,0,0.666667,0.240385,37817,432543.7535,5607744.93
12.357845,0.301067,0.15933,0.25,1,1,0,0,0.009615,38043,431265.4249,5607860.858
12.162643,0.207424,0.118237,0.25,1,0.333333,0,0,0.076923,37918,443046.426,5593770.004
11.8685,0.121786,0.091705,0.25,0.166667,0,0,0,0.375,37611,438217.5271,5606743.856
12.175613,0.238719,0.132207,0.25,0.5,0.333333,0,0,0.230769,37950,434808.378,5608453.686
12.388394,0.322416,0.31866,0.5,1,1,0.4,0,0.019231,37596,432773.4924,5603718.977
12.206073,0.229064,0.166399,0.25,1,1,0,0,0.153846,37544,440851.5891,5598653.287
12.398757,0.157448,0.255377,0.25,0.166667,1,0,0,0.413462,37718,436907.7965,5606474.558
12.34974,0.286026,0.143739,0.25,1,1,0,0.333333,0.019231,37853,431113.0316,5608190.069
12.031719,0.123726,0.241214,0.25,0.166667,0,0,0,0.240385,37524,434122.0417,5608175.046
12.367341,0.174915,0.214837,0.25,0,1,0,0.333333,0.019231,37943,433270.5035,5610327.765
12.505807,0.351043,0.194815,0.5,1,1,0.6,0,0.134615,37680,433948.387,5609445.41
12.154779,0.266861,0.250624,0.25,1,1,0,1,0.182692,37943,432779.2188,5608615.599
12.338779,0.356138,0.192621,0.25,1,1,0,0,0.009615,38068,432784.2335,5604826.13
12.419166,0.263707,0.157876,0.5,1,1,0,0,0.048077,38135,432417.0197,5609696.247
12.498082,0.313925,0.144685,0.5,1,1,0.6,0,0,38167,431405.0879,5607833.394
12.668233,0.390344,0.266401,0.5,1,1,1,0,0.028846,37918,442496.8705,5592077.079
12.54611,0.333091,0.246218,0.5,1,1,0.6,0,0.144231,37950,434617.3646,5609409.823
12.100712,0.164968,0.077723,0.25,1,0,0,0,0.048077,37869,443366.9332,5594268.614
12.095141,0.095342,0.095732,0.25,0.5,0,0,0,0.038462,37869,442541.5522,5592481.127
12.506177,0.340611,0.271257,0.5,1,1,0,0,0.067308,37954,433607.5181,5600919.253
12.874986,0.251577,0.239535,0.75,0.166667,1,0,0,0.009615,37875,430395.7663,5606810.012
12.323411,0.254973,0.191605,0.5,1,1,0,0.333333,0.105769,38014,433960.7029,5609611.411
12.409013,0.34886,0.216445,0.5,1,1,0,0,0.019231,37715,432545.8205,5610203.019
12.019743,0.08491,0.11194,0.25,0,0,0,0,0.067308,37796,442789.5431,5594713.652
12.847927,0.266618,0.179404,0.5,0.666667,0,0,0,0.865385,37711,439323.5178,5604241.305
12.1174,0.183891,0.076372,0.5,1,0.333333,0,0,0.019231,37599,433488.1566,5604479.249
12.660328,0.254246,0.089641,0.5,1,0.333333,0,0,0.057692,37490,437624.8591,5605094.14
12.323856,0.19966,0.167177,0.25,0,1,0,0,0.076923,38069,434015.9784,5610306.687
12.100712,0.128093,0.265925,0.25,0.166667,0.333333,0,0,0.432692,37455,438884.7191,5598698.573
12.487485,0.404901,0.25348,0.5,1,1,0,0.333333,0.144231,37869,441359.0078,5596107.061
12.321631,0.21082,0.22992,0.5,0.166667,1,0,0,0.086538,37463,433671.2859,5609856.444
12.377923,0.287239,0.173442,0.5,1,1,0,0.333333,0.076923,37832,431342.7402,5610048.75
12.496875,0.395924,0.278725,0.5,1,1,0,0.333333,0.144231,37751,435943.6527,5609278.897
12.487485,0.397865,0.185392,0.5,1,1,0,0,0.019231,37715,433083.7661,5604535.611
12.34252,0.344008,0.253634,0.25,1,1,0,0,0.019231,37594,432329.1761,5605045.31
12.486352,0.150898,0.208997,0.25,0.166667,0.333333,0,0,0.403846,38117,435735.7343,5606654.283
12.686954,0.329694,0.325291,0.5,0.166667,1,0,0,0.076923,37632,435490.7892,5609450.878
12.350173,0.268074,0.203002,0.25,1,1,0,0,0.125,38135,440771.4346,5597958.087
12.358884,0.328724,0.143906,0.5,1,1,0,0,0.019231,37485,433298.447,5604676.882
12.785491,0.435468,0.338219,0.5,1,1,0.6,0,0.182692,37873,434093.7823,5603392.861
12.140093,0.201601,0.181211,0.25,1,0,0,0,0.019231,37490,431102.0072,5609578.942
12.69158,0.419699,0.218998,0.5,1,1,0,0,0.048077,37446,433466.9718,5603662.313
13.028053,0.404585,0.457473,0.75,1,1,0,0,0.125,37806,434022.6197,5602282.916
12.443943,0.307132,0.171563,0.25,1,1,0,0,0,38007,432371.4117,5605161.818
12.264342,0.149685,0.269675,0.25,0.166667,0.333333,0,0,0.375,38001,439263.1209,5607232.457
12.358794,0.392043,0.352826,0.25,1,1,1,0.333333,0.115385,37776,433910.5079,5610030.5
12.061047,0.135371,0.107689,0.25,0.166667,0,0,0,0.230769,38134,433563.3619,5608436.238
12.061047,0.097525,0.286655,0.25,0.166667,0.333333,0,0.333333,0.211538,38075,439583.171,5608759.665
12.367945,0.335759,0.18507,0.25,1,1,0,0,0.019231,37708,430687.5374,5610512.97
12.32829,0.328239,0.209261,0.5,1,1,0,0,0.115385,38035,433939.4424,5609764.842
12.396693,0.300097,0.201909,0.5,1,1,0,0,0.115385,37505,433615.4676,5601406.264
12.072541,0.226104,0.205266,0.25,1,1,0,0.666667,0.076923,37470,433706.7111,5610096.977
12.384219,0.258612,0.362004,0.25,0.166667,0.666667,0,0,0.490385,37776,438877.6805,5605796.958
12.004935,0.088549,0.11715,0.25,0.166667,0,0,0,0,38153,444089.6811,5593762.852
12.490499,0.210335,0.426657,0.25,0.166667,0.333333,0,0,0.653846,37628,439421.6019,5605735.141
12.524526,0.366812,0.291035,0.5,1,1,0,0,0.211538,37484,435406.5278,5608710.061
12.468052,0.419942,0.295473,0.5,1,1,0,0,0.173077,37840,432481.2945,5608381.396
11.77529,0.164241,0.094433,0.25,1,0,0,0,0.221154,37522,438547.7682,5609419.274
12.21106,0.274867,0.114461,0.25,1,0.666667,0,0,0.211538,37539,434203.2623,5603652.57
12.225875,0.148714,0.21137,0.25,0.5,0.333333,0,0,0.201923,37996,442296.8007,5593180.488
12.371587,0.306647,0.230994,0.5,1,1,0,0,0.057692,37480,436506.2137,5609772.757
12.061047,0.101892,0.20618,0.25,0.5,0,0,0,0.25,37566,433663.7869,5608218.745
12.072541,0.1082,0.362075,0.25,0.166667,0.333333,0,0,0.423077,37463,439259.2435,5598124.135
12.20106,0.122902,0.111522,0.25,0.5,0.333333,0,0.333333,0.201923,38155,440973.3126,5598399.83
12.238956,0.269772,0.196005,0.25,1,1,0,0,0.019231,37498,433378.3254,5604709.329
12.363076,0.336972,0.16481,0.25,1,1,0,0,0.028846,37649,434084.6828,5610643.712
12.102932,0.188501,0.120597,0.25,1,0,0,0.333333,0.028846,38079,432230.8285,5609390.037
12.305918,0.113537,0.266851,0.25,0.166667,0.333333,0,0,0.519231,37487,438080.3616,5605102.461
12.122691,0.110869,0.159214,0.25,0,1,0,0.333333,0.259615,37944,434063.4328,5608171.104
12.58047,0.321446,0.190582,0.5,1,1,0,0,0,38132,431275.5599,5607914.631
12.565075,0.377729,0.179282,0.5,1,1,0,0,0,38007,432165.144,5604882.556
12.437395,0.19869,0.158069,0.5,0.166667,1,0,0,0.009615,37986,443770.1473,5594052.393
12.124727,0.234595,0.150853,0.25,1,0,0,0,0.019231,37734,442967.1912,5594350.913
12.660328,0.323387,0.330791,0.5,0.166667,1,0,0,0.182692,38139,434393.0255,5609169.943
12.228323,0.069893,0.179134,0.25,0.166667,0.333333,0,0,0.711538,37447,438651.6706,5604826.517
12.663497,0.240902,0.319914,0.5,0.166667,1,0,0,0.057692,37527,442308.2063,5593861.391
12.025749,0.171761,0.09085,0.25,1,0.333333,1,0,0.211538,37539,439250.7689,5609083.162
12.468437,0.276565,0.227791,0.5,1,1,0,0,0.067308,38154,431243.8542,5609118.998
12.05525,0.148302,0.268704,0.25,0,0.333333,0,0,0.259615,37468,434058.6536,5608102.487
12.456831,0.340611,0.205369,0.5,1,1,0,0,0.076923,37680,433508.2309,5601863.149
12.188418,0.151383,0.177802,0.25,1,1,0,0.333333,0.038462,38034,431082.4528,5610363.486
12.323856,0.276565,0.19695,0.5,1,1,0,0,0.067308,38110,431256.6339,5609073.687
12.178187,0.210141,0.143418,0.25,1,1,0,0,0.038462,37699,431441.3877,5609198.983
12.166552,0.149685,0.340226,0.25,0.5,0,0,0,0.326923,37456,434968.8305,5607668.529
12.280716,0.139738,0.152351,0.25,0.5,0.333333,0,0,0.038462,37596,443017.5363,5594210.373
12.326075,0.299854,0.255293,0.25,0.5,0.666667,0,0,0.201923,37879,434561.546,5608813.715
12.294541,0.182436,0.317689,0.25,0.5,0.333333,0,0.666667,0.346154,37565,438735.8154,5607987.182
12.205573,0.161815,0.232274,0.25,0.166667,0.333333,0,0,0.307692,37534,433635.2042,5607758.228
12.360745,0.30131,0.14455,0.25,1,1,0,0,0.009615,38069,442755.7915,5591965.789
12.144197,0.133916,0.20901,0.25,0,0,0,0,0.394231,37854,439689.2538,5597774.894
12.178187,0.180495,0.362622,0.25,0.166667,0.333333,0,0.666667,0.451923,37442,438126.3536,5599329.713
12.138864,0.118632,0.183591,0.25,0.5,0.333333,0,0.333333,0.038462,37650,432402.6242,5609532.411
12.301383,0.060408,0.147804,0,0.166667,0.333333,0,0,0.807692,38161,438916.3073,5604639.26
12.367341,0.213731,0.243993,0.5,0,1,0,0,0.096154,37454,442193.2298,5595592.773
12.69158,0.256429,0.201832,0.5,0.166667,1,0,0,0.125,37848,433901.9031,5601476.212
12.377923,0.311014,0.179237,0.5,1,1,0,0.333333,0.028846,37902,431041.542,5610110.096
12.7513,0.121786,0.159015,0.25,0.166667,0.333333,0,0,0.730769,38019,437521.6375,5603593.912
12.28715,0.308103,0.167113,0.25,1,1,0,0,0.019231,37825,442431.3447,5591921.463
12.449019,0.14556,0.265173,0.25,0,0.333333,0,0.333333,0.346154,37930,435316.0995,5607647.433
12.46682,0.312955,0.212097,0.5,1,1,1,0,0.009615,38001,442604.5687,5591917.806
12.287653,0.152159,0.336316,0.25,0,0,0,0,0.288462,37470,433291.2456,5607298.4
12.078239,0.142649,0.084367,0.25,1,0,0,0,0.028846,38136,443390.0605,5594411.46
12.066811,0.216642,0.111619,0.25,1,0,0,0,0.067308,37452,442746.0849,5594771.976
12.001505,0.086608,0.255551,0,0.166667,0,0,0,0.471154,37491,439569.063,5605778.462
12.650758,0.242115,0.448365,0.25,0.166667,0.333333,0,0,0.375,37919,439259.5677,5605398.101
13.021437,0.478651,0.328076,0.75,1,1,0.6,0,0.076923,37629,434605.9837,5610391.614
12.413087,0.135371,0.268453,0.25,0.166667,0.333333,0,0,0.538462,37771,437901.1357,5604914.66
12.139415,0.22392,0.093191,0.25,1,0,0,0,0.009615,37942,442798.3143,5592342.256
12.366915,0.318777,0.22013,0.25,1,1,0,0,0.144231,37775,440693.3279,5598591.439
11.938193,0.182193,0.17905,0.25,1,0,0,0.333333,0.211538,37526,442439.0689,5592967.673
12.230765,0.239932,0.266028,0.25,0.166667,1,0,0,0.211538,37784,439316.0068,5608921.289
12.205022,0.220039,0.189573,0.25,1,1,0,0,0.019231,37505,433354.5099,5604724.657
12.049191,0.130034,0.128714,0.25,0.166667,0,0,0.666667,0.403846,38090,439132.253,5607654.031
12.834681,0.336245,0.089718,0.5,1,0.333333,0,0,0.028846,38020,436485.2275,5603890.45
12.078586,0.192625,0.121163,0.25,1,0,0,0,0.019231,37552,431234.2807,5609681.764
11.976659,0.107472,0.05954,0.25,0.166667,0,0,0,0.826923,37490,439214.0599,5604987.224
12.072541,0.16327,0.199786,0.25,0,0,0.6,0,0.201923,37958,440837.9025,5598296.54
12.092501,0.208394,0.151445,0.25,1,0,0,0,0,38117,444604.7769,5593427.419
12.270633,0.27608,0.204713,0.25,1,1,0,0,0.009615,37873,432103.9202,5604843.729
12.049419,0.148957,0.114011,0.25,1,0,0,0,0.019231,37776,431116.3037,5609366.464
12.736701,0.472246,0.317535,0.75,1,1,0,0,0.240385,38146,432730.4118,5607842.059
12.418054,0.27802,0.223732,0.5,0.5,1,0,0.333333,0.173077,37806,434397.4106,5609228.174
12.367341,0.318049,0.159234,0.5,1,1,0,0,0.067308,37503,442466.5519,5594144.317
12.847663,0.35638,0.274023,0.5,1,1,0,0.333333,0.038462,37838,433936.5798,5601854.083
12.789053,0.451722,0.22599,0.5,1,1,0,0.333333,0.019231,37796,432629.7327,5603623.459
12.11997,0.198205,0.122205,0.25,1,0.333333,0,0,0.019231,37872,433402.1283,5610551.208
12.57245,0.384279,0.24944,0.5,1,1,0,0.333333,0.086538,37627,441970.4079,5593408.621
12.417144,0.084182,0.233161,0,0.166667,0.333333,0,0.333333,0.730769,37672,436833.3594,5604185.64
12.821258,0.291679,0.337428,0.25,0.5,0.333333,0,0,0.365385,38142,436042.3179,5605189.201
12.072541,0.154051,0.20261,0.25,1,1,0,0,0.057692,37439,431239.8976,5610337.756
12.441145,0.176371,0.30532,0.5,0.5,1,0.6,0,0.278846,37587,432616.4197,5607492.324
12.294225,0.152838,0.116893,0.5,0.166667,0.333333,0,0,0.019231,37583,433485.5252,5604566.803
12.037654,0.161572,0.209029,0.25,0.166667,0.333333,0,0,0.413462,37495,439347.0738,5597925.078
12.283034,0.249636,0.21604,0.25,1,1,0,0,0.105769,37917,434327.5108,5609944.825
12.196022,0.22392,0.170393,0.25,1,0.333333,0,0,0.028846,37503,432315.9206,5610266.189
12.542545,0.211135,0.089808,0.25,1,0.333333,0,0,0.903846,37779,438193.6615,5603813.436
12.573836,0.137069,0.297724,0.25,0.166667,0.333333,0,0,0.5,37917,437076.6814,5604622.057
12.106252,0.087821,0.137211,0.25,0,1,0,1,0.076923,38140,442836.9491,5594527.417
12.449019,0.320475,0.196069,0.5,1,1,1,0,0.048077,37588,442490.0385,5592215.121
12.007622,0.173459,0.219288,0.25,1,0,0,0,0.211538,38105,442156.1419,5592814.541
11.976659,0.111111,0.064003,0.25,0,0,0,0,0.25,37855,433005.3832,5608106.883
12.515394,0.404173,0.212727,0.5,1,1,0,0,0.019231,37656,433312.7652,5604687.549
12.742566,0.325813,0.096973,0.5,1,1,0,0,0.086538,37638,437116.9661,5603549.684
12.409013,0.136342,0.245652,0.25,0.166667,0.333333,0,0,0.423077,37777,437108.7805,5605847.93
12.32829,0.286026,0.149817,0.25,1,1,1,0,0.019231,37770,442654.9034,5592226.561
12.622741,0.358564,0.194988,0.5,1,1,1,0.333333,0.048077,38082,433245.0412,5609815.663
13.049793,0.207424,0.374431,0.25,0.166667,0.333333,0.6,0,0.480769,37915,436325.5228,5604289.533
13.000196,0.278724,0.256676,0.75,0.166667,1,0.2,0,0.076923,38090,430787.8936,5606800.035
12.264342,0.162057,0.279741,0.25,0.5,0.333333,0,0.666667,0.403846,37775,436178.4616,5607190.622
12.345835,0.276395,0.179269,0.25,0.5,0.333333,0,0.333333,0.153846,38167,440751.1857,5598609.065
12.513557,0.224406,0.355965,0.5,0.166667,1,0.6,0,0.115385,38083,440833.3269,5596086.297
13.180632,0.472829,0.35884,0.5,0.833333,0,0,0,0.519231,37497,437592.367,5604360.099
12.345835,0.087336,0.165897,0,0.166667,0.333333,0,0,0.548077,37750,436765.6183,5603667.069
12.031719,0.178069,0.211364,0.25,0.5,0,0,0,0.221154,37574,439278.707,5608864.513
12.043554,0.142504,0.077806,0.25,1,0.333333,0,0,0.038462,37914,443459.3417,5594410.837
12.506177,0.419457,0.292965,0.5,0,1,0,0,0.259615,37956,433291.7085,5607927.068
12.20106,0.15769,0.225758,0.25,0.166667,1,0,0,0.240385,37855,438320.9967,5609174.249
12.310433,0.256186,0.178786,0.25,1,1,0,0,0.048077,37770,442492.5696,5592229.771
12.487485,0.308588,0.347603,0.5,1,1,0,0.666667,0.076923,37973,442392.485,5593717.22
12.206073,0.174187,0.190254,0.25,0,1,0,0,0.105769,37699,442655.2679,5595799.522
12.242641,0.210577,0.135223,0.25,1,1,0,0,0.019231,37733,432437.6741,5605012.91
12.387977,0.279233,0.182498,0.25,1,1,1,0,0.019231,37795,430648.3662,5610500.123
12.409013,0.311499,0.275284,0.5,1,1,0,0,0.057692,37524,436505.3066,5609721.332
12.644328,0.358806,0.339287,0.5,1,1,1,0,0.144231,37711,432205.3943,5608124.765
12.283034,0.221252,0.206636,0.5,1,1,0,0,0.096154,38045,433666.8062,5609920.887
12.586985,0.431587,0.387674,0.5,1,1,0.6,0,0.019231,37770,432520.7057,5601273.342
12.4761,0.204998,0.092143,0.5,1,0.333333,0,0,0.875,38059,439316.6358,5604821.388
12.128111,0.118923,0.188209,0,0.666667,0.333333,0,0.666667,0.548077,37700,436751.2353,5603683.486
12.553202,0.412664,0.230672,0.5,1,1,0,0,0.019231,37593,431681.3637,5610419.857
12.46149,0.275837,0.253441,0.5,1,1,0,1,0.028846,37867,429964.9849,5606417.179
12.460715,0.174915,0.284732,0.25,0.166667,0.333333,1,0,0.355769,37887,435016.2015,5606911.304
12.220961,0.091946,0.209556,0,0.166667,0.333333,0,0,0.528846,37971,439710.2141,5605028.079
12.273731,0.25837,0.182755,0.25,1,1,0,0.333333,0.048077,37461,433865.6385,5610372.489
12.301383,0.227559,0.157452,0.25,1,1,0,0.666667,0.067308,38154,442689.0215,5595142.515
11.931636,0.142407,0.077144,0.25,1,0,0.6,0,0.028846,37594,443559.8401,5594409.414
12.290349,0.42067,0.168348,0.25,1,1,0,0,0.019231,37670,430700.0089,5610517.907
12.078239,0.148957,0.077723,0.25,1,0,0,0,0.028846,38045,443527.5843,5594524.049
12.129731,0.157181,0.086065,0.25,1,0,0,0.333333,0.211538,37937,440970.9823,5598277.236
12.736045,0.439107,0.194873,0.5,1,1,0,0,0.009615,37966,433005.9007,5602235.23
12.100712,0.268316,0.133956,0.25,0.5,1,0,0,0.192308,38108,440906.9186,5598313.42
12.577636,0.443474,0.304581,0.5,1,1,0,0.333333,0.115385,37961,433432.459,5609702.797
12.777671,0.416545,0.200507,0.5,1,1,0.6,0,0.009615,38141,432223.8959,5603971.876
12.53331,0.333576,0.15996,0.5,1,1,0,0,0.019231,37553,431419.0151,5608115.721
12.276065,0.20985,0.083756,0.25,1,1,0,0,0.057692,37875,432765.819,5609151.11
11.911702,0.12591,0.116713,0.25,0.166667,0,0,0,0.355769,37651,439423.5853,5607251.607
12.136187,0.181902,0.137217,0.25,1,1,0,1,0.076923,37455,442837.1739,5594558.631
12.573057,0.45148,0.420316,0.5,1,0.333333,0,0,0.076923,37461,443229.1427,5593743.401
11.964001,0.154779,0.064512,0.25,1,0,0,0,0.25,37894,433016.1502,5608100.724
12.278393,0.160844,0.229431,0.25,0,1,0,0,0.076923,37670,433918.6116,5610221.486
12.32829,0.132703,0.209087,0.25,0.166667,0.333333,0,0,0.413462,37928,439269.1996,5597607.853
12.26344,0.279233,0.158057,0.25,1,1,0,0,0.009615,38013,442478.5749,5591921.14
12.371587,0.218098,0.281413,0.25,0.166667,1,0,0,0.115385,37567,434005.4526,5609989.137
12.180755,0.248908,0.295255,0.25,1,1,0,1,0.211538,37683,433430.8851,5609026.507
12.218495,0.220039,0.236641,0.25,1,1,0,0,0.076923,37651,434031.5886,5610299.173
12.367341,0.28918,0.331498,0.5,1,1,0,0.333333,0.067308,37874,442485.7885,5595147.858
12.384219,0.321931,0.193432,0.25,1,1,0,0,0.009615,37765,430658.1747,5610463.303
13.041179,0.24066,0.215815,0.75,0.166667,1,0.6,0,0.019231,37597,435429.2902,5609699.276
12.180324,0.215187,0.155304,0.25,1,0,0,0,0.009615,37854,443485.3333,5594597.977
12.86618,0.532751,0.353527,0.75,1,1,0,0,0.067308,37869,435440.7954,5610346.11
12.730801,0.336002,0.238873,0.5,0.166667,1,1,0,0.442308,37924,437589.2635,5605967.468
12.969212,0.493692,0.273367,0.75,1,1,0,0,0.009615,38126,431591.0673,5610320.026
12.433208,0.348132,0.175571,0.5,1,1,1,0,0.067308,38105,432929.0305,5609774.406
12.446423,0.407327,0.171563,0.5,1,1,0,0.333333,0.009615,37799,429950.1586,5606644.123
12.470588,0.364144,0.27574,0.5,1,1,0,1,0.105769,37592,442811.1863,5593907.033
12.454104,0.380883,0.220684,0.5,1,1,1,0,0.240385,37468,433638.138,5604100.644
12.614866,0.353469,0.321979,0.5,1,1,0,0,0.153846,37884,442031.4374,5595723.663
12.188418,0.101892,0.268787,0.25,0.166667,0,0,0,0.480769,37679,439008.7857,5607018.562
13.07091,0.620815,0.285407,0.75,1,1,0,0,0.009615,37972,432090.4849,5601173.155
12.594392,0.382824,0.188865,0.5,1,1,0,0,0.009615,38140,442318.161,5592100.505
12.238056,0.149927,0.244591,0.25,0.166667,0.333333,0,0,0.442308,37677,437961.913,5598051.474
12.222517,0.306647,0.144099,0.25,1,1,0,0,0.019231,37585,431139.6322,5608114.405
12.85579,0.442504,0.221989,0.75,1,1,0,0,0.019231,37740,433062.8262,5604229.011
12.32829,0.303008,0.222034,0.5,1,1,0,0.333333,0.153846,37782,434203.7355,5609317.175
12.861733,0.438865,0.251962,0.5,1,1,0,0,0.009615,38112,432306.2293,5603969.881
12.205573,0.056769,0.089512,0,0.166667,0,0,0.666667,0.807692,37833,438183.1514,5603717.714
12.242887,0.266133,0.178272,0.25,1,1,0,0.333333,0.086538,37597,434320.7895,5610289.81
12.569218,0.232654,0.285922,0.5,0.166667,0,0,0,0.009615,37795,430006.417,5606529.034
12.138864,0.203299,0.129911,0.5,1,0.333333,0,0,0.096154,37495,433974.0932,5601021.859
12.30547,0.270063,0.150403,0.25,1,1,0,0,0.009615,37993,433178.1367,5604730.285
12.550563,0.406599,0.199471,0.5,1,1,0,0,0.009615,37931,430851.4153,5608422.128
13.304685,0.554828,0.249209,0.75,1,1,0.2,0,0,38030,435024.3966,5610633.453
12.404104,0.327268,0.122379,0.5,1,1,1,0,0.163462,37750,435123.995,5608407.543
12.152144,0.189471,0.223141,0.25,0,0.333333,0,0,0.144231,37917,442481.3593,5592923.754
12.358794,0.363804,0.215712,0.25,1,1,0,0,0.211538,37771,433686.4784,5608760.551
12.54611,0.252547,0.285092,0.5,0.166667,1,0,0,0.182692,38040,433971.9914,5603571.971
12.629705,0.435226,0.177802,0.5,1,1,0,0.333333,0.009615,38001,429972.7648,5606643.586
12.393062,0.322174,0.179282,0.5,1,1,0,0,0.019231,37488,430708.7118,5610490.506
12.3838,0.10359,0.289196,0.25,0.166667,1,0,0,0.605769,37767,439253.1561,5605031.351
12.341477,0.137069,0.418335,0.25,0.166667,0.333333,0,0,0.490385,37762,438975.376,5606516.753
12.628067,0.137069,0.260297,0.25,0.166667,0.333333,0,0,0.490385,37923,436768.8358,5604685.032
12.061047,0.122902,0.126232,0.25,0.5,0.333333,0,0.333333,0.211538,38163,441051.7988,5598231.562
12.419166,0.396652,0.307604,0.5,1,1,0,0,0.201923,37487,435742.9985,5608709.173
11.987419,0.154294,0.062222,0.25,1,0,0,0,0,38159,443078.2162,5593082.792
12.718297,0.257885,0.252766,0.5,0.166667,1,0.6,0.333333,0.115385,38071,442059.5684,5593652.307
12.278393,0.195294,0.213017,0.5,0,1,0,0,0.125,37512,431973.802,5608954.767
12.641097,0.142407,0.229836,0.25,0.166667,0.333333,0,0,0.557692,38118,437615.3639,5603657.179
12.866611,0.526686,0.312826,0.75,1,1,0,0,0.019231,37573,435108.4263,5610486.043
12.450978,0.268316,0.271708,0.5,0,0.666667,0,0,0.25,37788,434093.1666,5608596.598
12.31995,0.263707,0.130496,0.25,1,1,0,0,0,38143,431335.3559,5607860.685
12.037654,0.116448,0.111741,0.25,0.5,0,0,0,0.105769,38030,441613.1262,5598391.556
12.165251,0.119117,0.238744,0.25,0.166667,0.333333,1,0,0.480769,37453,438812.5954,5607157.62
12.066811,0.05837,0.089647,0,0.666667,0,0,0,0.884615,37560,439035.9799,5604392.612
12.190959,0.205968,0.182761,0.25,0.166667,0.333333,0,0.333333,0.230769,37560,437497.2961,5609185.118
12.458775,0.356623,0.262851,0.5,1,1,1,0.333333,0.048077,37664,430306.0191,5606529.288
12.122691,0.226346,0.325716,0.25,1,1,0,0.333333,0.096154,37454,442599.0153,5594109.904
12.083905,0.159389,0.11396,0.25,1,0,0,0,0.057692,37807,443477.9911,5594211.552
12.466512,0.152596,0.236622,0.25,0.166667,0.333333,0,0,0.471154,37695,439979.3348,5604898.362
12.449019,0.37409,0.188788,0.5,1,1,0,0,0.067308,37905,432174.5238,5608951.604
12.141534,0.140951,0.119922,0.25,0,0,0,0,0.057692,38064,430885.7154,5609131.183
12.140846,0.187288,0.105579,0.25,1,0,0,0,0.019231,37595,431244.4328,5609652.861
12.524526,0.299612,0.213332,0.5,1,1,0,0,0.028846,38048,435750.4229,5609755.437
12.4761,0.202572,0.236725,0.25,1,0.333333,0,0.666667,0.519231,37648,436318.8327,5603829.324
12.468437,0.380398,0.178047,0.25,0.5,0.666667,0,0,0.173077,38030,432436.8516,5608231.064
12.589943,0.389374,0.193946,0.5,1,1,0,0,0.009615,37949,432165.0327,5604875.373
12.765688,0.490053,0.461029,0.5,1,1,0,0,0.134615,37525,434362.2089,5602486.006
12.538967,0.357108,0.171107,0.5,1,1,0,0,0.038462,38100,435905.1092,5609830.63
12.245293,0.232897,0.124334,0.25,1,0.333333,0,0,0.057692,38048,442763.7015,5594981.619
11.964001,0.148472,0.10563,0.25,1,0,0,0,0.105769,37468,442694.9562,5594323.817
12.700769,0.440805,0.223076,0.5,1,1,0,0,0.019231,37574,435868.585,5610029.114
12.100712,0.129549,0.268607,0.25,0.166667,1,0,0.666667,0.461538,37840,439127.2044,5607263.881
12.339291,0.176371,0.252013,0.25,0.5,1,0,0,0.278846,37683,432643.5421,5607670.387
12.332705,0.15769,0.247041,0.25,0.5,0.333333,0,0,0.413462,37579,437842.7752,5597104.75
12.066811,0.137555,0.105637,0.25,0,0,0,0,0.105769,37589,442755.0817,5594323.371
12.517227,0.397623,0.202436,0.5,1,1,0.4,1,0.048077,37789,432347.518,5609689.652
12.180755,0.223435,0.170406,0.25,1,0,0.4,0.666667,0.240385,37952,434087.8803,5603704.238
12.834817,0.490296,0.254888,0.5,1,1,0.6,0,0.009615,37875,433314.1098,5601539.362
12.509874,0.359777,0.177687,0.5,1,1,0,0,0.038462,38014,430882.7256,5608724.298
12.154253,0.102863,0.268865,0.25,0.166667,0.333333,1,0,0.480769,37832,439090.1572,5606969.623
12.13081,0.15769,0.173827,0.25,1,0.333333,1,0,0.076923,37844,431028.428,5609045.355
12.154779,0.254731,0.163337,0.25,1,0.333333,0,0,0.048077,37455,431239.4574,5610401.853
12.496875,0.316351,0.205408,0.5,1,1,1,0,0.076923,37593,433965.8893,5610189.772
12.834415,0.389131,0.21705,0.5,1,1,0,0,0.057692,38058,432165.5921,5610044.568
12.554886,0.439107,0.225417,0.5,1,1,0,0,0.009615,38063,436283.7885,5611012.829
12.136926,0.204755,0.101398,0.25,1,1,0,0,0.009615,37699,431615.1336,5610106.114
12.273731,0.313683,0.169139,0.25,0.5,1,0,0,0.144231,37917,441524.829,5598261.71
12.706848,0.358321,0.255782,0.5,1,1,0,0,0.144231,37464,434201.4894,5602396.873
12.386726,0.307375,0.181616,0.25,1,1,0.6,0,0.086538,38162,432381.0975,5608832.778
12.278393,0.076031,0.26871,0.25,0.166667,0.333333,0,0,0.567308,37943,438129.9902,5604912.381
12.594731,0.391072,0.251389,0.5,1,1,0,0.333333,0.153846,37764,435807.5216,5609165.327
12.406971,0.192625,0.37263,0.25,0,1,0,0,0.221154,38114,433759.622,5608747.496
12.013701,0.145318,0.195689,0.25,0.5,0,1,0,0.240385,37683,439267.0384,5608942.981
12.409013,0.234595,0.228254,0.5,1,1,0,0,0.182692,37811,432369.2405,5608375.135
12.959844,0.274381,0.134677,0.5,1,0.333333,0,0,0.884615,37735,437864.4436,5603748.011
12.389106,0.281174,0.130843,0.25,1,1,0,0,0.009615,38114,433403.4117,5602313.97
12.154779,0.061135,0.183019,0,0.166667,0.333333,0,0.333333,0.692308,38139,439335.6166,5604622.959
12.144197,0.147016,0.16854,0.25,0,1,0,1,0.067308,38070,442776.8453,5595213.007
12.360937,0.114265,0.179282,0.25,0.166667,0.333333,0,0,0.75,37440,439015.7244,5604250.37
12.247694,0.234837,0.137861,0.25,1,1,0,0,0.028846,37930,442599.9233,5592122.345
12.563747,0.43377,0.238699,0.5,1,1,0,0,0.096154,37481,434021.9526,5609699.147
12.671378,0.2836,0.283066,0.25,0.166667,0.333333,0,0,0.490385,37931,436877.6505,5604693.662
12.161745,0.291849,0.148151,0.25,1,0,0,0,0.019231,37608,442940.5709,5594351.125
12.527794,0.30228,0.250675,0.5,1,1,0,0,0.028846,37461,433405.8243,5604512.313
12.165251,0.129064,0.230016,0.25,0.166667,0,0,0,0.384615,37923,439923.7162,5597522.795
12.456831,0.28918,0.178253,0.25,1,1,0.6,0,0.019231,37905,429955.2766,5606443.601
12.487485,0.3787,0.202848,0.5,1,1,0,0,0.057692,37798,433098.3743,5610057.496
12.380026,0.279233,0.157413,0.25,1,1,0,0,0.009615,38042,431963.4908,5610431.142
12.216938,0.304949,0.14893,0.25,1,1,0,0.666667,0.009615,38047,443714.4487,5593987.776
12.517227,0.199418,0.192467,0.5,0,1,0,0,0.115385,37953,434035.8029,5602706.938
12.244812,0.15672,0.298638,0.25,0.5,0.666667,0,0,0.432692,37470,437700.118,5598355.683
12.827587,0.455361,0.216625,0.5,1,1,0,0,0.019231,37715,433624.7673,5603666.006
12.764722,0.406114,0.185669,0.5,1,1,0,0.666667,0.028846,37561,435746.9058,5609795.298
12.604849,0.340611,0.177976,0.5,1,1,0.4,1,0.057692,38098,436257.2194,5610174.48
12.689619,0.404901,0.214876,0.5,1,1,0,0,0.009615,37741,431836.1802,5609805.987
12.337101,0.170306,0.200507,0.25,1,1,0,0,0.240385,38153,434078.5024,5603650.619
12.367341,0.163998,0.297544,0.25,0,0.333333,0,0,0.355769,37970,436516.844,5606498.932
12.542188,0.383552,0.229772,0.5,1,1,0,0,0.019231,37609,431817.9313,5610569.963
12.377923,0.350073,0.255313,0.5,1,1,0,0,0.076923,37508,434528.1988,5610279.112
12.285346,0.336972,0.191612,0.25,1,1,0,0,0.173077,37742,432816.7651,5608515.147
12.03424,0.194566,0.242809,0.25,1,0,0,0,0.019231,37503,433389.386,5610575.609
12.271392,0.307132,0.146595,0.5,1,1,0,0,0.067308,37529,431319.0284,5609147.135
12.818552,0.408054,0.405471,0.75,1,1,0.6,0,0.086538,37656,433894.3685,5604706.473
12.305357,0.286026,0.145572,0.25,1,1,1,0,0.019231,37487,432236.9096,5610154.034
12.384219,0.262979,0.19695,0.5,1,1,0,0,0.086538,38156,432695.8127,5609315.089
12.598115,0.344008,0.14455,0.5,1,1,0,0,0.009615,38168,431033.0899,5608170.093
12.449019,0.294275,0.540527,0.5,1,1,0,0,0.201923,38085,435612.6002,5608832.915
12.031261,0.128093,0.106788,0.25,0.5,0,0,0,0.009615,37972,444542.6506,5593402.861
12.128111,0.037846,0.089602,0.25,0.166667,0.333333,0,0,0.884615,37539,437753.9553,5605090.155
12.616691,0.382339,0.57506,0.5,1,0,0,0,0.067308,37904,443342.1133,5593685.09
12.341477,0.233624,0.157484,0.25,1,1,0,0,0.076923,37531,442704.3442,5595495.846
12.144197,0.166181,0.168,0.25,0,0,0,0.333333,0.153846,38114,442571.7787,5593057.232
12.273731,0.27802,0.271354,0.25,0.5,1,0,0,0.163462,37777,432100.0926,5608492.259
12.345835,0.196992,0.252206,0.25,0.166667,0.333333,0,0,0.317308,38163,438141.0633,5608457.54
12.793859,0.168365,0.253827,0.25,0.166667,0.333333,0,0.666667,0.730769,38106,439065.0121,5604100.339
12.170445,0.196264,0.103386,0.25,1,0,0,0,0.028846,37943,431137.807,5609523.656
12.657648,0.383552,0.207415,0.5,1,1,0.6,0,0.019231,37600,431795.2637,5610587.997
13.296317,0.487385,0.634355,0.75,0.166667,1,1,0,0.115385,37718,436235.503,5609487.98
12.97154,0.338671,0.104659,0.75,1,0.333333,0,0,0.048077,37559,436817.9746,5603984.161
11.964001,0.115963,0.11414,0.25,0,0,0,0,0.278846,37804,433445.4517,5607690.468
12.558489,0.357108,0.185649,0.5,1,1,0,0,0.009615,38083,433036.2467,5604592.001
12.604849,0.256429,0.236834,0.5,0.166667,1,0,0,0.125,37467,433921.9169,5601468.765
12.521493,0.383066,0.147122,0.5,1,1,0,0,0.009615,37799,433183.999,5604416.933
12.225875,0.322902,0.2469,0.5,1,1,0,0.666667,0.125,37715,433792.1472,5609870.398
12.371587,0.323144,0.240436,0.5,1,1,0,0,0.096154,37452,432058.3166,5608947.746
12.842369,0.436681,0.200121,0.5,1,1,0,0,0.019231,37757,433612.612,5602112.135
12.29225,0.350073,0.160494,0.25,1,1,0,0,0.230769,38114,433512.5124,5609077.503
12.245293,0.155022,0.152499,0.25,0,0.333333,0,0,0.076923,37944,443025.8943,5593791.073
12.332705,0.22198,0.253583,0.5,1,0.666667,1,0,0.221154,38050,433660.1811,5604258.327
12.317167,0.227317,0.163774,0.5,1,1,0,0,0.067308,37956,433040.8387,5610033.679
12.188418,0.194323,0.103887,0.25,1,0,0,0,0.076923,38128,432686.4856,5609145.645
12.058153,0.097525,0.258368,0.25,0.166667,0.333333,1,0.333333,0.413462,37455,439514.1485,5606415.301
12.089539,0.164726,0.133487,0.25,1,0,0,0,0.067308,37952,442945.1218,5593705.234
12.218495,0.30228,0.165196,0.25,1,1,0,1,0.067308,37977,442816.7302,5595258.467
12.367341,0.359292,0.215364,0.25,1,1,0,0.666667,0.067308,38120,434464.2982,5610485.408
12.736701,0.205968,0.289498,0.25,0.166667,0.333333,0,0,0.480769,38013,436790.7826,5604235.219
12.316361,0.281174,0.146865,0.25,1,1,0,0,0.019231,37677,433500.4402,5610515.517
12.688499,0.454634,0.221134,0.5,1,1,0,0,0.067308,37895,441957.834,5592950.597
12.472276,0.322174,0.179282,0.5,1,1,0,0,0.019231,37600,430708.7118,5610490.506
12.368323,0.284571,0.152268,0.25,1,0,0,0,0.009615,37762,433312.9446,5604673.081
12.32829,0.085638,0.268768,0.25,0.166667,0.333333,0,0,0.538462,37470,437810.8503,5604916.216
12.242997,0.23411,0.162559,0.5,1,1,0,0,0.019231,37634,432958.9019,5604943.037
12.715898,0.427462,0.203877,0.5,1,1,0,0,0.009615,37992,431675.2879,5609844.61
12.505807,0.255459,0.089641,0.5,1,1,0,0,0.115385,37460,438362.7378,5600518.409
12.487485,0.301553,0.186505,0.5,1,1,0,0,0.096154,38142,433919.9565,5601022.66
13.016558,0.745269,0.241375,0.75,1,1,0.8,0,0.067308,37469,433579.6046,5604974.08
12.375815,0.302523,0.156333,0.25,1,1,1,0,0.096154,37662,441400.6544,5596539.985
12.13081,0.157205,0.117986,0.25,1,0.333333,0,0,0.076923,37706,443010.9527,5593798.669
12.538967,0.41606,0.37647,0.5,1,1,0,0.333333,0.144231,37830,442289.2635,5593662.465
12.227374,0.214702,0.076552,0.25,1,0,0,0,0.009615,38065,431039.741,5609797.663
12.48484,0.159631,0.245556,0.25,0.166667,0,0,0,0.413462,37687,436539.6451,5606692.459
12.072541,0.140708,0.209306,0.25,0.166667,0,0,0,0.432692,37684,439270.6643,5598927.712
12.385059,0.274139,0.147766,0.5,1,1,0,0,0.019231,37747,433164.4169,5604499.519
11.995969,0.18753,0.13377,0.25,1,0,0,0,0.230769,37831,437669.7869,5609133.366
12.456831,0.287724,0.18491,0.5,1,1,0,0,0.086538,37526,433690.7289,5601087.107
12.100712,0.230956,0.15358,0.25,1,1,0,0,0.086538,37607,434422.0453,5610035.812
12.367341,0.215672,0.181469,0.5,0,1,0,0,0.105769,37781,433371.7231,5609963.315
12.009437,0.130277,0.167769,0.25,0.166667,0,0,0,0.019231,37560,443484.6905,5594538.794
12.323856,0.131781,0.089622,0.25,0.833333,0.333333,0,0,0.884615,37578,437734.5648,5603614.61
12.777617,0.421155,0.247897,0.5,1,1,0,0,0.076923,37799,431047.8007,5606674.881
12.679196,0.335032,0.26862,0.25,0.166667,0.333333,0,0,0.423077,37446,437802.5256,5605042.265
12.160029,0.119117,0.338888,0.25,0.166667,1,0,0,0.461538,37525,438471.3807,5607035.79
12.332705,0.163998,0.20636,0.25,0.5,1,0,0,0.115385,37601,433991.6239,5609648.106
12.125405,0.180592,0.181526,0.25,1,0.333333,0.6,0,0.125,38071,439687.8568,5608269.425
12.683858,0.353954,0.187617,0.5,1,1,0,0,0.009615,38083,432434.2727,5610363.88
12.768542,0.302766,0.090779,0.5,1,0.333333,0,0,0.019231,37746,438471.3745,5605486.545
12.336197,0.29476,0.148589,0.25,1,1,0,0.333333,0.019231,38122,431216.4604,5608234.779
12.461044,0.396652,0.276917,0.5,1,1,0,0,0.009615,38042,433164.8804,5604750.884
12.528156,0.246725,0.326655,0.25,1,1,0,0,0.375,38142,435280.3358,5606667.138
12.384988,0.306405,0.194075,0.25,1,1,0,0,0.019231,37747,433167.8828,5604430.567
13.194684,0.279961,0.239239,0.75,0.166667,1,0.2,0,0.038462,37918,435836.4306,5610097.377
12.409013,0.302523,0.177667,0.5,1,1,0,0,0.221154,37820,434934.2043,5608997.635
12.206318,0.174672,0.157928,0.5,1,1,0,0,0.019231,37796,432883.648,5604869.014
12.718896,0.308103,0.257416,0.5,1,1,0.6,0,0.086538,38132,433838.4313,5604616.162
12.35775,0.183649,0.261455,0.25,0.166667,1,0,0,0.019231,37578,432122.5813,5605249.845
11.930899,0.162542,0.129113,0.25,1,0,0,0,0.173077,37522,434817.9237,5609608.611
12.339291,0.247259,0.243729,0.25,1,0.333333,0,0,0.413462,37954,439408.9444,5597509.595
12.415117,0.18656,0.264954,0.5,0.5,1,0,0,0.278846,37700,433521.4154,5608064.826
12.279504,0.321446,0.137861,0.25,1,1,0,0,0.019231,37579,442709.8062,5592093.895
12.043554,0.182193,0.168187,0.25,1,0,0,0.333333,0.211538,37858,442506.8229,5593007.68
12.560244,0.359534,0.313984,0.5,1,1,0,0,0.086538,37853,431756.1654,5608683.399
12.301383,0.23132,0.147766,0.25,1,1,0.6,0.333333,0.038462,37917,431208.4485,5609521.359
12.528156,0.318535,0.288958,0.5,1,1,0,0,0.115385,38160,442340.3072,5595782.543
12.718896,0.474527,0.240005,0.5,1,1,0,0,0.096154,37474,435914.204,5609456.872
12.780369,0.235565,0.287549,0.5,0.166667,1,0,0,0.009615,37854,433240.4365,5609681.982
12.285346,0.137312,0.214663,0.25,0.166667,0.333333,0,0,0.413462,37751,439437.3382,5606527.094
12.152144,0.1082,0.199819,0.25,0.166667,0.333333,0,0,0.307692,37470,439451.2591,5608583.018
12.153036,0.188986,0.097841,0.25,1,0,0,0,0.009615,38050,443311.1344,5594707.994
12.542545,0.148229,0.209023,0.25,0.166667,0.333333,0,0,0.721154,38124,439193.9633,5604389.374
12.951575,0.539544,0.234731,0.75,1,1,0.6,0,0.076923,37764,433968.7372,5604797.472
12.01513,0.073751,0.14938,0.25,0.166667,0,0,0,0.903846,37567,438875.8563,5604743.548
12.594731,0.295245,0.132972,0.5,1,1,0,0,0,38120,431868.9259,5610392.815
13.008074,0.208879,0.330649,0.5,0,0.666667,0,0,0.394231,37798,436195.0973,5605157.43
12.301383,0.231441,0.271888,0.25,0,0.333333,0,0.666667,0.403846,37893,436220.9935,5606963.378
12.20106,0.16327,0.207228,0.25,0.5,0.333333,0,0,0.25,37764,439103.4468,5608903.743
12.160029,0.178069,0.211364,0.25,0.5,0,0,0,0.221154,37636,439278.707,5608864.513
12.325885,0.208637,0.130843,0.25,1,1,0,0,0.009615,38076,433412.0419,5602304.991
12.706848,0.394469,0.264182,0.5,1,1,0,0,0.067308,38121,433611.5462,5600898.012
12.066811,0.189471,0.13121,0.25,1,0.333333,0,0,0.211538,37587,440960.2565,5598076.062
12.100712,0.167637,0.117375,0.25,1,0,0,0,0.076923,37915,432664.422,5609146.958
12.230765,0.155264,0.21456,0.25,0,0.333333,0,0,0.278846,37498,438338.2971,5607622.634
12.553202,0.404415,0.16391,0.5,1,1,0,0,0.009615,37985,432861.2319,5605068.529
12.458775,0.434498,0.250045,0.5,0.5,1,0,0,0.163462,38097,435915.9555,5609089.561
12.21106,0.158661,0.20371,0.25,0,0.333333,0,0,0.067308,38114,442932.3624,5593802.968
12.611538,0.362445,0.209003,0.25,1,1,0,0,0.028846,37866,431087.7136,5608363.2
12.570716,0.12033,0.268768,0.25,0.166667,0.333333,0,0,0.5,37897,435957.0806,5604301.911
12.845291,0.268074,0.2668,0.5,0.166667,1,1,0,0.038462,38161,442409.355,5592191.837
12.252956,0.206453,0.099758,0.5,1,0.333333,0,0,0.125,38138,433660.5343,5601533.491
12.366915,0.184668,0.190415,0.25,0.166667,0.333333,0,0,0.509615,37995,438751.5526,5605085.073
12.277928,0.239447,0.159382,0.25,1,1,0,0,0.019231,37690,433510.5806,5610533.665
12.429216,0.331393,0.224517,0.5,1,1,0,0,0.057692,38159,432888.6484,5609684.92
11.982929,0.158418,0.091783,0.25,1,0,0,0,0.105769,37790,441506.6655,5598381.757
12.301383,0.198933,0.153426,0.25,0.166667,0.333333,0,0,0.221154,38155,432639.9996,5608248.751
12.326075,0.30131,0.175056,0.5,1,1,1,0,0.086538,38005,430946.5597,5608641.711
12.386588,0.369238,0.143739,0.25,1,1,0,0.333333,0.019231,37582,431126.1992,5608189.896
12.245293,0.288064,0.125042,0.25,1,0,0,0,0.221154,38146,433655.0242,5608445.792
12.479909,0.383309,0.257493,0.5,1,1,0,0,0.240385,37902,433752.0786,5604218.882
12.63487,0.397865,0.253248,0.5,1,1,0,0,0.019231,37740,432796.8323,5604047.242
12.246086,0.288452,0.181822,0.25,1,1,0,0,0.019231,37574,430811.4834,5610578.169
12.100712,0.117419,0.139276,0.25,0.166667,0.333333,0,0.333333,0.442308,37648,438286.8392,5600079.59
12.061047,0.043426,0.268434,0,0.166667,0.333333,0,0.666667,0.548077,37459,437901.6463,5604961.63
12.628067,0.323872,0.216561,0.5,1,1,0,0,0.057692,38147,442265.9412,5593883.356
12.271392,0.205968,0.134902,0.5,1,0.333333,0,0,0.096154,38108,433966.4495,5600970.975
12.60018,0.407812,0.303224,0.5,1,1,0,0.333333,0.019231,37457,433723.9576,5602102.644
12.213545,0.173702,0.180594,0.25,0,1,0,1,0.096154,37559,442762.9015,5595732.974
11.904968,0.144105,0.226279,0.25,0.166667,0.666667,0,0,0.25,37467,433098.2048,5608566.791
12.278393,0.163513,0.2091,0.25,0.333333,0.333333,0,0.333333,0.336538,37826,439533.1957,5598243.239
12.384219,0.327268,0.27475,0.25,1,1,0,0,0.115385,38150,441660.8931,5598239.962
12.67952,0.369481,0.177802,0.5,1,1,0,0.333333,0.028846,37799,429997.492,5606641.295
12.111762,0.239908,0.183752,0.25,0.5,1,0,0,0.153846,37442,440920.2343,5598587.586
12.771386,0.432072,0.287877,0.5,1,1,0.2,0,0.144231,38138,441892.8164,5595741.176
12.959256,0.464823,0.27576,0.75,1,1,0.6,0,0.009615,38146,432290.2365,5601410.875
12.345835,0.137069,0.26862,0.25,0.166667,0.333333,0,0,0.461538,37506,438236.4363,5606736.277
12.238056,0.318535,0.180999,0.25,0.5,1,0.6,0,0.163462,37452,440792.116,5598370.293
12.141534,0.161815,0.285234,0.25,0.166667,0.333333,0,0.333333,0.336538,37467,438841.9317,5608631.877
12.417144,0.354682,0.188351,0.5,1,1,0,0,0.057692,37966,432719.2929,5609844.335
12.305918,0.263222,0.186106,0.25,1,1,0,0.333333,0.057692,37683,442504.128,5595633.245
12.449019,0.315575,0.243761,0.5,0.166667,1,0,0,0.134615,37967,440666.967,5598562.939
13.284312,0.609656,0.627203,0.75,1,1,0,0,0.182692,37994,435619.3664,5608540.204
12.417144,0.5041,0.30606,0.25,0.5,1,0,0,0.221154,37481,433615.9102,5608767.489
12.570355,0.364386,0.163485,0.5,1,1,1,0.333333,0.009615,38106,430793.7994,5608478.22
12.013701,0.120815,0.190377,0.25,0,0,1,0,0.221154,37525,438671.4119,5609406.824
